[
  {
    "name": "Prof. Dr. Ir. Untung Rahardja, M.T.I., MM",
    "image": "https://i.postimg.cc/bNCFyW9g/ur.jpg",
    "description": "Dosen Universitas Raharja",
    "widuri": "https://widuri.raharja.info/index.php?title=Untung_Rahardja",
    "address": "Tangerang"
  },
  {
    "name": "Qurotul Aini, S.Kom., M.T.I",
    "image": "https://i.postimg.cc/nV1P5Cs6/mamoi.jpg",
    "description": "Direktur PT AII",
    "widuri": "https://widuri.raharja.info/index.php?title=Qurotul_Aini",
    "address": "Tangerang"
  },
  {
    "name": "Ninda Lutfiani, S.Kom, M.T.I",
    "image": "https://i.postimg.cc/cHRbdJFt/nin.jpg",
    "description": "Dosen Universitas Raharja",
    "widuri": "https://widuri.raharja.info/index.php?title=Ninda_Lutfiani",
    "address": "Tangerang"
  },
  {
    "name": "Eka Purnama Harahap, S.Kom, M.T.I",
    "image": "https://i.postimg.cc/7hXtTW8x/hap.jpg",
    "description": "Dosen Universitas Raharja",
    "widuri": "https://widuri.raharja.info/index.php?title=Eka_Purnama_Harahap",
    "address": "Tangerang"
  }
]
