[
  {
    "title": "Business and Marketing Strategy",
    "description": "𝗬𝘂𝗸𝗸𝗸 𝗶𝗸𝘂𝘁 𝗸𝗲𝗴𝗶𝗮𝘁𝗮𝗻 𝗦𝗵𝗮𝗿𝗶𝗻𝗴 𝗦𝗮𝗻𝘁🅰️🚀#𝟮𝟲 𝘆𝗮𝗻𝗴 𝗽𝗮𝘀𝘁𝗶𝗻𝘆𝗮 𝗮𝘀𝗶𝗸 𝗯𝗮𝗻𝗴𝗲𝘁 𝗹𝗼𝗵𝗵🥳🥳\n\n𝗗𝗲𝗻𝗴𝗮𝗻 𝘁𝗲𝗺𝗮 𝗕𝘂𝘀𝗶𝗻𝗲𝘀𝘀 𝗮𝗻𝗱 𝗠𝗮𝗿𝗸𝗲𝘁𝗶𝗻𝗴 𝗦𝘁𝗿𝗮𝘁𝗲𝗴𝗶𝗲𝘀🚀🚀\n\n𝘉𝘢𝘯𝘺𝘢𝘬 𝘱𝘦𝘯𝘨𝘦𝘵𝘢𝘩𝘶𝘢𝘯 𝘮𝘦𝘯𝘢𝘳𝘪𝘬 𝘺𝘢𝘯𝘨 𝘣𝘪𝘴𝘢 𝘬𝘢𝘭𝘪𝘢𝘯 𝘥𝘢𝘱𝘢𝘵𝘬𝘢𝘯, 𝘬𝘪𝘵𝘢 𝘣𝘪𝘴𝘢 𝘣𝘦𝘳𝘣𝘢𝘨𝘪 𝘤𝘦𝘳𝘪𝘵𝘢, 𝘱𝘦𝘯𝘨𝘢𝘭𝘢𝘮𝘢𝘯 𝘥𝘢𝘯 𝘱𝘦𝘯𝘨𝘦𝘵𝘢𝘩𝘶𝘢𝘯 𝘮𝘦𝘯𝘨𝘦𝘯𝘢𝘪 𝘉𝘪𝘴𝘯𝘪𝘴 𝘋𝘪𝘨𝘪𝘵𝘢𝘭🤩🤩\n\n🚀𝙂𝙪𝙚𝙨 𝙎𝙩𝙖𝙧𝙩🚀\n𝙃𝙚𝙞𝙙𝙮 𝙎𝙪𝙢𝙪𝙖𝙡 - 𝙈𝙖𝙗𝙪𝙨𝙨𝙖 𝘽𝙮 𝙃𝙎\n\n📢𝗦𝗔𝗩𝗘 𝗗𝗔𝗧𝗘📢\n📅 𝗦𝗲𝗻𝗶𝗻, 𝟭𝟵 𝗦𝗲𝗽𝘁𝗲𝗺𝗯𝗲𝗿 𝟮𝟬𝟮𝟮\n⏰ 𝟬𝟵.𝟬𝟬 𝘀/𝗱 𝗦𝗲𝗹𝗲𝘀𝗮𝗶",
    "id": "5thcvEBFAFc"
  },
  {
    "title": "Membuat Desain menjasi Cuan",
    "description": "Minggu ini Sharing Sant🅰️🚀 datang lagi, penasaran kan gimana keseruannya?\n\nYuuk join Sharing Sant🅰️🚀 #136 dengan tema *Membuat Desain Menjadi Cuan* 🤩🤩\nAkan ada banyak hal menarik yang sayang banget kalau dilewatin 😁\n\n🕊️ Narasumber: *Agung Yudho* 🕊️\n\n❄ *SAVE DATE* ❄\n🗓️ Jumat, 04 November 2022\n⏰ 10.00 - Selesai",
    "id": "qyAWDQJNr9s"
  },
  {
    "title": "The Potential of Blockchain and Artificial Intelligence",
    "description": "Rasanya enak bikin bahagia\nKita esok akan berjumpa\nDi Sharing Sant🅰️🚀 yang istimewa\n\nHello S🅰️🚀ang!\nYukkk ikut event Sharing Sant🅰️🚀 #88 pastinya seruu banget 🥳\nakan ada banyak ilmu pengetahuan yang jinjja daebak bisa kalian dapatkan lhoo 🥳\n\nDengan tema *The Potential of Blockchain and Artificial Intelligence Technology* 🚀🚀\n\nSkuuyyy, join Sharing Sant🅰️🚀#88 🤩🚀\n\n🚀 *oUR Speaker* 🚀\nProf. Dr. Ir. Untung Rahardja., M.T.I., MM\n\n📢 *Save the date* 📢\n📅 Selasa, 20 September 2022\n⏰ 08.00 WIB s.d. selesai",
    "id": "DkD05x6ZSwY"
  }
]
