[
  {
    "id": 8462,
    "date": "2022-10-13T13:42:18",
    "date_gmt": "2022-10-13T06:42:18",
    "guid": {
      "rendered": "https://1000startupdigital.id/?p=8462"
    },
    "modified": "2022-11-22T13:44:01",
    "modified_gmt": "2022-11-22T06:44:01",
    "slug": "startupmu-punya-lebih-dari-50-karyawan-ini-tantangan-yang-akan-dihadapi",
    "status": "publish",
    "type": "post",
    "link": "https://1000startupdigital.id/startupmu-punya-lebih-dari-50-karyawan-ini-tantangan-yang-akan-dihadapi/",
    "title": {
      "rendered": "Startupmu Punya Lebih dari 50 Karyawan? Ini Tantangan yang Akan Dihadapi"
    },
    "content": {
      "rendered": "Ketika kamu memulai atau bekerja di startup yang mengalami pertumbuhan, mungkin pada awalnya semua orang memiliki misi, budaya, dan value yang sama. Namun, hal-hal kecil mulai berubah ketika jumlah karyawan startup semakin banyak, yakni antara 100 hingga 150 karyawan di satu lokasi yang sama.\n\nDalam laporan Masyarakat Industri Kreatif Teknologi Informasi dan Komunikasi Indonesia (MIKTI), tercatat bahwa sebanyak 72,5% startup di Indonesia pada tahun 2021 hanya memiliki karyawan kurang dari 50 orang.\n\nMemang, sebuah startup yang memiliki lebih dari 50 karyawan berarti memiliki beberapa hal positif dan sebagai salah satu pertanda bahwa mereka terus mengalami pertumbuhan. Namun, ada anggapan bahwa startup akan mulai “keluar jalur” ketika mereka mencapai 50 karyawan. Inilah yang disebut dengan fase “remaja” startup.\n\nApa yang terjadi jika jumlah karyawan startup makin berkembang?\nSebetulnya tidak ada jumlah minimal atau maksimal jika ingin merintis startup. Namun, kamu juga harus paham terlebih dahulu apa saja risiko yang mungkin terjadi jika kamu memiliki 100–150 karyawan.\n\nKetika jumlah karyawan dalam suatu startup melebihi 100–150 karyawan, budaya perusahaan pun akan berubah. Pada tahap awal startup, kamu mungkin lebih mudah berkomunikasi dengan karyawan secara langsung, karena semua orang memahami misi yang sama. Namun, ketika jumlah karyawan startup mencapai 100–150 orang, kamu mungkin mulai menghadapi masalah berikut:\n\nManajemen yang berlapis menyebabkan lambatnya pengambilan keputusan.\nMisi, nilai, dan budaya perusahaan menjadi lebih dimaknai daripada diyakini.\nBekal yang diterima karyawan baru saat onboarding akan bertentangan dengan realita.\nMulai muncul “politik” saat karyawan bersaing.\nPada sebuah startup, setelah jumlah karyawan melebihi 150 orang, maka karyawan tidak lagi menjadi unit tunggal dan memperkuat budaya seperti pada hari-hari awal perusahaan. Mereka akan menjadi lebih terspesialisasi dan menciptakan “suku tim” sendiri yang mungkin tersebar di kantor.\n\nLalu, bagaimana cara startup tetap berjalan lancar saat jumlah karyawan makin berkembang?\nBerikut ini beberapa hal yang bisa kamu lakukan untuk mempertahankan startupmu agar tidak “keluar jalur”:\n\n1. Terpusat dan transparan\nSebagai langkah awal, buatlah aturan, pedoman, atau FAQ yang dapat diakses oleh semua karyawan, tujuannya agar semua informasi dapat terpusat dan transparan. Ini bukan hanya tentang aturan, tetapi juga tentang filosofi perusahaan kamu secara keseluruhan.\n\n2. Buat semua orang menjadi pemimpin\nMerekrut manajer dari luar perusahaan adalah hal yang lumrah, terlebih ketika mereka memiliki pengalaman memimpin sebuah tim di perusahaan besar. Namun, sering kali mereka mencoba menerapkan skema perusahaan sebelumnya yang lebih besar untuk diaplikasikan ke startupmu. Padahal strategi tersebut belum tentu berhasil jika diterapkan di startupmu.\n\nAlih-alih merekrut manajer, kamu bisa membuat setiap karyawanmu menjadi pemimpin tim. Berikan kepemilikan kepada setiap orang atas proyek yang sedang mereka kerjakan.\n\n3. Terus bereksperimen\nCara mempertahankan startupmu yang berikutnya adalah dengan terus bereksperimen. Coba ambil beberapa kebijakan dari berbagai perusahaan dan lakukan eksperimen kecil untuk melihat apakah kebijakan tersebut berhasil untuk diterapkan di startupmu.\n\n4. Jalankan tim seperti organisasi independen\nBanyak startup yang lebih memilih menggunakan jasa freelancer atau pekerja paruh waktu untuk dijadikan karyawan. Lakukan strategi ini dalam skala yang lebih besar saat startupmu mulai bertumbuh, lalu jalankan setiap tim yang ada layaknya organisasi independen di dalam perusahaan.\n\nItu dia beberapa tantangan dan cara yang bisa kamu terapkan jika jumlah karyawan startup semakin berkembang. Dapatkan wawasan baru seputar dunia startup hanya di artikel Gerakan Nasional 1000 Startup Digital. Selamat belajar, founders!",
      "protected": false
    },
    "excerpt": {
      "rendered": "<p>Ketika kamu memulai atau bekerja di startup yang mengalami pertumbuhan, mungkin pada awalnya semua orang memiliki misi, budaya, dan&nbsp;value&nbsp;yang sama. Namun, hal-hal kecil mulai berubah ketika jumlah karyawan startup semakin banyak, yakni antara 100 hingga 150 karyawan di satu lokasi yang sama. Dalam laporan Masyarakat Industri Kreatif Teknologi Informasi dan Komunikasi Indonesia (MIKTI), tercatat bahwa [&hellip;]</p>\n",
      "protected": false
    },
    "author": 2,
    "featured_media": 8464,
    "comment_status": "closed",
    "ping_status": "closed",
    "sticky": false,
    "template": "",
    "format": "standard",
    "meta": [],
    "categories": [366],
    "tags": [138, 123, 146],
    "yoast_head": "<!-- This site is optimized with the Yoast SEO plugin v19.8 - https://yoast.com/wordpress/plugins/seo/ -->\n<title>Startupmu Punya Lebih dari 50 Karyawan? Ini Tantangan yang Akan Dihadapi - 1000 Startup Digital</title>\n<meta name=\"robots\" content=\"index, follow, max-snippet:-1, max-image-preview:large, max-video-preview:-1\" />\n<link rel=\"canonical\" href=\"https://1000startupdigital.id/startupmu-punya-lebih-dari-50-karyawan-ini-tantangan-yang-akan-dihadapi/\" />\n<meta property=\"og:locale\" content=\"en_US\" />\n<meta property=\"og:type\" content=\"article\" />\n<meta property=\"og:title\" content=\"Startupmu Punya Lebih dari 50 Karyawan? Ini Tantangan yang Akan Dihadapi - 1000 Startup Digital\" />\n<meta property=\"og:description\" content=\"Ketika kamu memulai atau bekerja di startup yang mengalami pertumbuhan, mungkin pada awalnya semua orang memiliki misi, budaya, dan&nbsp;value&nbsp;yang sama. Namun, hal-hal kecil mulai berubah ketika jumlah karyawan startup semakin banyak, yakni antara 100 hingga 150 karyawan di satu lokasi yang sama. Dalam laporan Masyarakat Industri Kreatif Teknologi Informasi dan Komunikasi Indonesia (MIKTI), tercatat bahwa [&hellip;]\" />\n<meta property=\"og:url\" content=\"https://1000startupdigital.id/startupmu-punya-lebih-dari-50-karyawan-ini-tantangan-yang-akan-dihadapi/\" />\n<meta property=\"og:site_name\" content=\"1000 Startup Digital\" />\n<meta property=\"article:published_time\" content=\"2022-10-13T06:42:18+00:00\" />\n<meta property=\"article:modified_time\" content=\"2022-11-22T06:44:01+00:00\" />\n<meta property=\"og:image\" content=\"https://1000startupdigital.id/wp-content/uploads/2022/10/0_1na63cvLck2dZTfU.jpeg\" />\n\t<meta property=\"og:image:width\" content=\"1400\" />\n\t<meta property=\"og:image:height\" content=\"932\" />\n\t<meta property=\"og:image:type\" content=\"image/jpeg\" />\n<meta name=\"author\" content=\"#1000StartupDigital\" />\n<meta name=\"twitter:card\" content=\"summary_large_image\" />\n<meta name=\"twitter:label1\" content=\"Written by\" />\n\t<meta name=\"twitter:data1\" content=\"#1000StartupDigital\" />\n\t<meta name=\"twitter:label2\" content=\"Est. reading time\" />\n\t<meta name=\"twitter:data2\" content=\"3 minutes\" />\n<script type=\"application/ld+json\" class=\"yoast-schema-graph\">{\"@context\":\"https://schema.org\",\"@graph\":[{\"@type\":\"WebPage\",\"@id\":\"https://1000startupdigital.id/startupmu-punya-lebih-dari-50-karyawan-ini-tantangan-yang-akan-dihadapi/\",\"url\":\"https://1000startupdigital.id/startupmu-punya-lebih-dari-50-karyawan-ini-tantangan-yang-akan-dihadapi/\",\"name\":\"Startupmu Punya Lebih dari 50 Karyawan? Ini Tantangan yang Akan Dihadapi - 1000 Startup Digital\",\"isPartOf\":{\"@id\":\"https://1000startupdigital.id/#website\"},\"datePublished\":\"2022-10-13T06:42:18+00:00\",\"dateModified\":\"2022-11-22T06:44:01+00:00\",\"author\":{\"@id\":\"https://1000startupdigital.id/#/schema/person/58aa650f0dbc5aa0a1c63b7daf459081\"},\"breadcrumb\":{\"@id\":\"https://1000startupdigital.id/startupmu-punya-lebih-dari-50-karyawan-ini-tantangan-yang-akan-dihadapi/#breadcrumb\"},\"inLanguage\":\"en-US\",\"potentialAction\":[{\"@type\":\"ReadAction\",\"target\":[\"https://1000startupdigital.id/startupmu-punya-lebih-dari-50-karyawan-ini-tantangan-yang-akan-dihadapi/\"]}]},{\"@type\":\"BreadcrumbList\",\"@id\":\"https://1000startupdigital.id/startupmu-punya-lebih-dari-50-karyawan-ini-tantangan-yang-akan-dihadapi/#breadcrumb\",\"itemListElement\":[{\"@type\":\"ListItem\",\"position\":1,\"name\":\"Home\",\"item\":\"https://1000startupdigital.id/\"},{\"@type\":\"ListItem\",\"position\":2,\"name\":\"Startupmu Punya Lebih dari 50 Karyawan? Ini Tantangan yang Akan Dihadapi\"}]},{\"@type\":\"WebSite\",\"@id\":\"https://1000startupdigital.id/#website\",\"url\":\"https://1000startupdigital.id/\",\"name\":\"1000 Startup Digital\",\"description\":\"Rintis startupmu bersama mentor &amp; praktisi digital\",\"potentialAction\":[{\"@type\":\"SearchAction\",\"target\":{\"@type\":\"EntryPoint\",\"urlTemplate\":\"https://1000startupdigital.id/?s={search_term_string}\"},\"query-input\":\"required name=search_term_string\"}],\"inLanguage\":\"en-US\"},{\"@type\":\"Person\",\"@id\":\"https://1000startupdigital.id/#/schema/person/58aa650f0dbc5aa0a1c63b7daf459081\",\"name\":\"#1000StartupDigital\",\"image\":{\"@type\":\"ImageObject\",\"inLanguage\":\"en-US\",\"@id\":\"https://1000startupdigital.id/#/schema/person/image/\",\"url\":\"https://1000startupdigital.id/wp-content/uploads/2021/08/ICON-1-150x150.png\",\"contentUrl\":\"https://1000startupdigital.id/wp-content/uploads/2021/08/ICON-1-150x150.png\",\"caption\":\"#1000StartupDigital\"},\"sameAs\":[\"http://1000startupdigital.id\"],\"url\":\"https://1000startupdigital.id/author/1000startupdigital/\"}]}</script>\n<!-- / Yoast SEO plugin. -->",
    "yoast_head_json": {
      "title": "Startupmu Punya Lebih dari 50 Karyawan? Ini Tantangan yang Akan Dihadapi - 1000 Startup Digital",
      "robots": {
        "index": "index",
        "follow": "follow",
        "max-snippet": "max-snippet:-1",
        "max-image-preview": "max-image-preview:large",
        "max-video-preview": "max-video-preview:-1"
      },
      "canonical": "https://1000startupdigital.id/startupmu-punya-lebih-dari-50-karyawan-ini-tantangan-yang-akan-dihadapi/",
      "og_locale": "en_US",
      "og_type": "article",
      "og_title": "Startupmu Punya Lebih dari 50 Karyawan? Ini Tantangan yang Akan Dihadapi - 1000 Startup Digital",
      "og_description": "Ketika kamu memulai atau bekerja di startup yang mengalami pertumbuhan, mungkin pada awalnya semua orang memiliki misi, budaya, dan&nbsp;value&nbsp;yang sama. Namun, hal-hal kecil mulai berubah ketika jumlah karyawan startup semakin banyak, yakni antara 100 hingga 150 karyawan di satu lokasi yang sama. Dalam laporan Masyarakat Industri Kreatif Teknologi Informasi dan Komunikasi Indonesia (MIKTI), tercatat bahwa [&hellip;]",
      "og_url": "https://1000startupdigital.id/startupmu-punya-lebih-dari-50-karyawan-ini-tantangan-yang-akan-dihadapi/",
      "og_site_name": "1000 Startup Digital",
      "article_published_time": "2022-10-13T06:42:18+00:00",
      "article_modified_time": "2022-11-22T06:44:01+00:00",
      "og_image": [
        {
          "width": 1400,
          "height": 932,
          "url": "https://1000startupdigital.id/wp-content/uploads/2022/10/0_1na63cvLck2dZTfU.jpeg",
          "type": "image/jpeg"
        }
      ],
      "author": "#1000StartupDigital",
      "twitter_card": "summary_large_image",
      "twitter_misc": {
        "Written by": "#1000StartupDigital",
        "Est. reading time": "3 minutes"
      },
      "schema": {
        "@context": "https://schema.org",
        "@graph": [
          {
            "@type": "WebPage",
            "@id": "https://1000startupdigital.id/startupmu-punya-lebih-dari-50-karyawan-ini-tantangan-yang-akan-dihadapi/",
            "url": "https://1000startupdigital.id/startupmu-punya-lebih-dari-50-karyawan-ini-tantangan-yang-akan-dihadapi/",
            "name": "Startupmu Punya Lebih dari 50 Karyawan? Ini Tantangan yang Akan Dihadapi - 1000 Startup Digital",
            "isPartOf": {
              "@id": "https://1000startupdigital.id/#website"
            },
            "datePublished": "2022-10-13T06:42:18+00:00",
            "dateModified": "2022-11-22T06:44:01+00:00",
            "author": {
              "@id": "https://1000startupdigital.id/#/schema/person/58aa650f0dbc5aa0a1c63b7daf459081"
            },
            "breadcrumb": {
              "@id": "https://1000startupdigital.id/startupmu-punya-lebih-dari-50-karyawan-ini-tantangan-yang-akan-dihadapi/#breadcrumb"
            },
            "inLanguage": "en-US",
            "potentialAction": [
              {
                "@type": "ReadAction",
                "target": [
                  "https://1000startupdigital.id/startupmu-punya-lebih-dari-50-karyawan-ini-tantangan-yang-akan-dihadapi/"
                ]
              }
            ]
          },
          {
            "@type": "BreadcrumbList",
            "@id": "https://1000startupdigital.id/startupmu-punya-lebih-dari-50-karyawan-ini-tantangan-yang-akan-dihadapi/#breadcrumb",
            "itemListElement": [
              {
                "@type": "ListItem",
                "position": 1,
                "name": "Home",
                "item": "https://1000startupdigital.id/"
              },
              {
                "@type": "ListItem",
                "position": 2,
                "name": "Startupmu Punya Lebih dari 50 Karyawan? Ini Tantangan yang Akan Dihadapi"
              }
            ]
          },
          {
            "@type": "WebSite",
            "@id": "https://1000startupdigital.id/#website",
            "url": "https://1000startupdigital.id/",
            "name": "1000 Startup Digital",
            "description": "Rintis startupmu bersama mentor &amp; praktisi digital",
            "potentialAction": [
              {
                "@type": "SearchAction",
                "target": {
                  "@type": "EntryPoint",
                  "urlTemplate": "https://1000startupdigital.id/?s={search_term_string}"
                },
                "query-input": "required name=search_term_string"
              }
            ],
            "inLanguage": "en-US"
          },
          {
            "@type": "Person",
            "@id": "https://1000startupdigital.id/#/schema/person/58aa650f0dbc5aa0a1c63b7daf459081",
            "name": "#1000StartupDigital",
            "image": {
              "@type": "ImageObject",
              "inLanguage": "en-US",
              "@id": "https://1000startupdigital.id/#/schema/person/image/",
              "url": "https://1000startupdigital.id/wp-content/uploads/2021/08/ICON-1-150x150.png",
              "contentUrl": "https://1000startupdigital.id/wp-content/uploads/2021/08/ICON-1-150x150.png",
              "caption": "#1000StartupDigital"
            },
            "sameAs": ["http://1000startupdigital.id"],
            "url": "https://1000startupdigital.id/author/1000startupdigital/"
          }
        ]
      }
    },
    "_links": {
      "self": [
        {
          "href": "https://1000startupdigital.id/wp-json/wp/v2/posts/8462"
        }
      ],
      "collection": [
        {
          "href": "https://1000startupdigital.id/wp-json/wp/v2/posts"
        }
      ],
      "about": [
        {
          "href": "https://1000startupdigital.id/wp-json/wp/v2/types/post"
        }
      ],
      "author": [
        {
          "embeddable": true,
          "href": "https://1000startupdigital.id/wp-json/wp/v2/users/2"
        }
      ],
      "replies": [
        {
          "embeddable": true,
          "href": "https://1000startupdigital.id/wp-json/wp/v2/comments?post=8462"
        }
      ],
      "version-history": [
        {
          "count": 1,
          "href": "https://1000startupdigital.id/wp-json/wp/v2/posts/8462/revisions"
        }
      ],
      "predecessor-version": [
        {
          "id": 8463,
          "href": "https://1000startupdigital.id/wp-json/wp/v2/posts/8462/revisions/8463"
        }
      ],
      "wp:featuredmedia": [
        {
          "embeddable": true,
          "href": "https://1000startupdigital.id/wp-json/wp/v2/media/8464"
        }
      ],
      "wp:attachment": [
        {
          "href": "https://1000startupdigital.id/wp-json/wp/v2/media?parent=8462"
        }
      ],
      "wp:term": [
        {
          "taxonomy": "category",
          "embeddable": true,
          "href": "https://1000startupdigital.id/wp-json/wp/v2/categories?post=8462"
        },
        {
          "taxonomy": "post_tag",
          "embeddable": true,
          "href": "https://1000startupdigital.id/wp-json/wp/v2/tags?post=8462"
        }
      ],
      "curies": [
        {
          "name": "wp",
          "href": "https://api.w.org/{rel}",
          "templated": true
        }
      ]
    }
  },
  {
    "id": 8459,
    "date": "2022-10-12T13:35:00",
    "date_gmt": "2022-10-12T06:35:00",
    "guid": {
      "rendered": "https://1000startupdigital.id/?p=8459"
    },
    "modified": "2022-11-22T13:37:46",
    "modified_gmt": "2022-11-22T06:37:46",
    "slug": "mau-jadi-founder-harus-punya-keterampilan-apa-saja",
    "status": "publish",
    "type": "post",
    "link": "https://1000startupdigital.id/mau-jadi-founder-harus-punya-keterampilan-apa-saja/",
    "title": {
      "rendered": "Mau Jadi Founder, Harus Punya Keterampilan Apa Saja?"
    },
    "content": {
      "rendered": "Jika ingin menjadi founder startup, keterampilan apa saja yang harus dipelajari dan dikuasai? Apakah menjadi founder harus jago dalam bidang teknologi? Mengapa keterampilan-keterampilan tersebut penting?\n\nArtikel ini menjawab semua pertanyaan di atas berdasarkan riset yang dilakukan oleh Tom Eisenmann, Rob Howe, dan Beth Altringer. Hasil penelitian dipublikasikan lewat artikel Harvard Business Review, di mana penulis mengajukan pertanyaan kepada founder yang merupakan alumni dari Harvard Business Review. Secara garis besar, penelitian berfokus untuk mencari jawaban atas, “Apa yang perlu diketahui oleh orang yang ingin menjadi pendiri startup?” Berikut merupakan ulasannya.\n\n1. Keterampilan yang dimiliki tergantung pada tahapan startup yang sedang dijalani. Keterampilan founder akan berubah seiring dengan skala perusahaan yang semakin besar. Contohnya adalah pada tahap early stage, maka fokuslah pada keterampilan desain dan pengembangan produk, pitching, serta formula merancang tim. Di tahapan selanjutnya, keterampilan akan punya bobot lebih besar untuk merekrut karyawan ahli, mengkomunikasikan visi pada karyawan baru, dan manajemen budaya perusahaan.\n\n2. Memilih mitra kerja seperti co-founder ternyata punya peran besar. Penting sekali belajar bagaimana membentuk tim pendiri yang saling memperkuat peran satu sama lain. Pendiri harus bisa menilai kekuatan dan kelemahan masing-masing, sehingga paham bagaimana merekrut dan memberikan motivasi untuk anggota tim pendiri yang lain. Seperti saling melengkapi.\n\n3. Seorang pendiri harus memiliki pemikiran terbuka, termasuk ketika mendapatkan umpan balik. Bagaimana contohnya? Menerima pendapat orang lain dan tidak bersikap defensif, seolah dirinya sendiri yang paling benar. Jika ditilik lebih dalam, faktor ini lebih berhubungan pada mental sebagai seorang pemimpin. Selanjutnya, founder perlu untuk memprioritaskan mana yang menjadi fokus, apa yang harus didelegasikan, serta hal apa yang harus dikerjakan seorang diri.\n\n4. Saat startup ada di tahap awal, founder harus punya pemahaman yang luas tentang kebutuhan pelanggan. Dilanjutkan dengan melakukan iterasi dan pengujian cepat untuk dapat membuktikan bahwa produk mereka mencapai product-market fit. Sebagai founder, jangan sampai terjebak teknologi adalah segalanya. Karena, founder tetap harus berbicara dengan pelanggan dan mengutamakan kebutuhan mereka.\n\n5. Keterampilan penjualan adalah hal yang penting ketika sudah menjadi founder. Apa pun latar belakang pendidikanmu, ilmu penjualan akan selalu digunakan sampai kapan pun. Yang paling sederhana, sebenarnya ketika di awal menjadi founder, kamu harus bisa ‘menjual’ keterampilanmu untuk bisa menarik minat co-founder dan bergabung denganmu. Kamu sebagai founder harus bisa ‘menjual’ visi misimu dalam merekrut anggota tim. Dan proses ‘menjual’ yang lainnya.\n\nSelain ilmu penjualan, ada satu keterampilan lagi yang menarik untuk diulik, yaitu storytelling. Ternyata storytelling adalah kemampuan yang mungkin dianggap remeh, namun perlu untuk dipelajari. Sebab, dengan menyusun dan mengkomunikasikan kisah menarik tentang perusahaanmu, maka orang lain (baik itu pelanggan, calon karyawan, hingga investor) dapat menerima ceritamu dan tidak segan untuk terus mengikuti perjalananmu.\n\n6. Kemampuan negosiasi sering dibutuhkan ketika menjadi founder. Baik itu misalnya dealing dengan investor, atau bekerja sama dengan pihak ketiga seperti vendor. Sama seperti kemampuan penjualan, kemampuan negosiasi sering dianggap sebagai ilmu yang tidak diutamakan untuk dipelajari. Padahal bagi seorang founder, negosiasi justru sangat penting.\n\n7. Setelah memiliki bisnis sendiri, memang sebagai founder kita bisa mempekerjakan orang lain yang lebih ahli di bidangnya. Namun setidaknya, founder harus memiliki dasar ilmu tentang beberapa keterampilan, salah satunya keuangan. Bagaimana model bisnismu berjalan dan dapat menghasilkan keuangan? Seperti apa alur kerja uang yang masuk dan keluar? Bagaimana bisa startupmu mendapatkan pendanaan? Seperti apa strategi dalam penggunaan dana setelah mendapatkan fundraising? Dan lain-lainnya yang harus kamu pelajari lebih dalam. Tujuannya agar kamu tidak mudah terjebak dalam hal-hal yang tidak mengenakkan, seperti penipuan, penggelapan dana, dan ‘kamuflase’ keuangan lain yang bisa saja terjadi apabila tidak hati-hati.\n\nKesimpulannya, hasil survei mendapati bahwa tidak ada satu keterampilan yang lebih menonjol di antara yang lainnya. Responden memberi pernyataan bahwa founder perlu menjadi jack of all trade atau orang yang serba tahu. Founder membutuhkan penguasaan keterampilan manajemen yang cukup luas. Jadi, ternyata fokus di satu bidang saja dan menjadi expert tidaklah cukup untuk bisa menjadi founder sukses dan berpengaruh.",
      "protected": false
    },
    "excerpt": {
      "rendered": "<p>Jika ingin menjadi&nbsp;founder&nbsp;startup, keterampilan apa saja yang harus dipelajari dan dikuasai? Apakah menjadi&nbsp;founder&nbsp;harus jago dalam bidang teknologi? Mengapa keterampilan-keterampilan tersebut penting? Artikel ini menjawab semua pertanyaan di atas berdasarkan riset yang dilakukan oleh Tom Eisenmann, Rob Howe, dan Beth Altringer. Hasil penelitian dipublikasikan lewat artikel Harvard Business Review, di mana penulis mengajukan pertanyaan kepada&nbsp;founder&nbsp;yang merupakan [&hellip;]</p>\n",
      "protected": false
    },
    "author": 2,
    "featured_media": 8460,
    "comment_status": "closed",
    "ping_status": "closed",
    "sticky": false,
    "template": "",
    "format": "standard",
    "meta": [],
    "categories": [360],
    "tags": [138, 151, 361, 123],
    "yoast_head": "<!-- This site is optimized with the Yoast SEO plugin v19.8 - https://yoast.com/wordpress/plugins/seo/ -->\n<title>Mau Jadi Founder, Harus Punya Keterampilan Apa Saja? - 1000 Startup Digital</title>\n<meta name=\"robots\" content=\"index, follow, max-snippet:-1, max-image-preview:large, max-video-preview:-1\" />\n<link rel=\"canonical\" href=\"https://1000startupdigital.id/mau-jadi-founder-harus-punya-keterampilan-apa-saja/\" />\n<meta property=\"og:locale\" content=\"en_US\" />\n<meta property=\"og:type\" content=\"article\" />\n<meta property=\"og:title\" content=\"Mau Jadi Founder, Harus Punya Keterampilan Apa Saja? - 1000 Startup Digital\" />\n<meta property=\"og:description\" content=\"Jika ingin menjadi&nbsp;founder&nbsp;startup, keterampilan apa saja yang harus dipelajari dan dikuasai? Apakah menjadi&nbsp;founder&nbsp;harus jago dalam bidang teknologi? Mengapa keterampilan-keterampilan tersebut penting? Artikel ini menjawab semua pertanyaan di atas berdasarkan riset yang dilakukan oleh Tom Eisenmann, Rob Howe, dan Beth Altringer. Hasil penelitian dipublikasikan lewat artikel Harvard Business Review, di mana penulis mengajukan pertanyaan kepada&nbsp;founder&nbsp;yang merupakan [&hellip;]\" />\n<meta property=\"og:url\" content=\"https://1000startupdigital.id/mau-jadi-founder-harus-punya-keterampilan-apa-saja/\" />\n<meta property=\"og:site_name\" content=\"1000 Startup Digital\" />\n<meta property=\"article:published_time\" content=\"2022-10-12T06:35:00+00:00\" />\n<meta property=\"article:modified_time\" content=\"2022-11-22T06:37:46+00:00\" />\n<meta property=\"og:image\" content=\"https://1000startupdigital.id/wp-content/uploads/2022/11/0_vRahNg8f_zJ9otkZ.jpeg\" />\n\t<meta property=\"og:image:width\" content=\"1400\" />\n\t<meta property=\"og:image:height\" content=\"933\" />\n\t<meta property=\"og:image:type\" content=\"image/jpeg\" />\n<meta name=\"author\" content=\"#1000StartupDigital\" />\n<meta name=\"twitter:card\" content=\"summary_large_image\" />\n<meta name=\"twitter:label1\" content=\"Written by\" />\n\t<meta name=\"twitter:data1\" content=\"#1000StartupDigital\" />\n\t<meta name=\"twitter:label2\" content=\"Est. reading time\" />\n\t<meta name=\"twitter:data2\" content=\"4 minutes\" />\n<script type=\"application/ld+json\" class=\"yoast-schema-graph\">{\"@context\":\"https://schema.org\",\"@graph\":[{\"@type\":\"WebPage\",\"@id\":\"https://1000startupdigital.id/mau-jadi-founder-harus-punya-keterampilan-apa-saja/\",\"url\":\"https://1000startupdigital.id/mau-jadi-founder-harus-punya-keterampilan-apa-saja/\",\"name\":\"Mau Jadi Founder, Harus Punya Keterampilan Apa Saja? - 1000 Startup Digital\",\"isPartOf\":{\"@id\":\"https://1000startupdigital.id/#website\"},\"datePublished\":\"2022-10-12T06:35:00+00:00\",\"dateModified\":\"2022-11-22T06:37:46+00:00\",\"author\":{\"@id\":\"https://1000startupdigital.id/#/schema/person/58aa650f0dbc5aa0a1c63b7daf459081\"},\"breadcrumb\":{\"@id\":\"https://1000startupdigital.id/mau-jadi-founder-harus-punya-keterampilan-apa-saja/#breadcrumb\"},\"inLanguage\":\"en-US\",\"potentialAction\":[{\"@type\":\"ReadAction\",\"target\":[\"https://1000startupdigital.id/mau-jadi-founder-harus-punya-keterampilan-apa-saja/\"]}]},{\"@type\":\"BreadcrumbList\",\"@id\":\"https://1000startupdigital.id/mau-jadi-founder-harus-punya-keterampilan-apa-saja/#breadcrumb\",\"itemListElement\":[{\"@type\":\"ListItem\",\"position\":1,\"name\":\"Home\",\"item\":\"https://1000startupdigital.id/\"},{\"@type\":\"ListItem\",\"position\":2,\"name\":\"Mau Jadi Founder, Harus Punya Keterampilan Apa Saja?\"}]},{\"@type\":\"WebSite\",\"@id\":\"https://1000startupdigital.id/#website\",\"url\":\"https://1000startupdigital.id/\",\"name\":\"1000 Startup Digital\",\"description\":\"Rintis startupmu bersama mentor &amp; praktisi digital\",\"potentialAction\":[{\"@type\":\"SearchAction\",\"target\":{\"@type\":\"EntryPoint\",\"urlTemplate\":\"https://1000startupdigital.id/?s={search_term_string}\"},\"query-input\":\"required name=search_term_string\"}],\"inLanguage\":\"en-US\"},{\"@type\":\"Person\",\"@id\":\"https://1000startupdigital.id/#/schema/person/58aa650f0dbc5aa0a1c63b7daf459081\",\"name\":\"#1000StartupDigital\",\"image\":{\"@type\":\"ImageObject\",\"inLanguage\":\"en-US\",\"@id\":\"https://1000startupdigital.id/#/schema/person/image/\",\"url\":\"https://1000startupdigital.id/wp-content/uploads/2021/08/ICON-1-150x150.png\",\"contentUrl\":\"https://1000startupdigital.id/wp-content/uploads/2021/08/ICON-1-150x150.png\",\"caption\":\"#1000StartupDigital\"},\"sameAs\":[\"http://1000startupdigital.id\"],\"url\":\"https://1000startupdigital.id/author/1000startupdigital/\"}]}</script>\n<!-- / Yoast SEO plugin. -->",
    "yoast_head_json": {
      "title": "Mau Jadi Founder, Harus Punya Keterampilan Apa Saja? - 1000 Startup Digital",
      "robots": {
        "index": "index",
        "follow": "follow",
        "max-snippet": "max-snippet:-1",
        "max-image-preview": "max-image-preview:large",
        "max-video-preview": "max-video-preview:-1"
      },
      "canonical": "https://1000startupdigital.id/mau-jadi-founder-harus-punya-keterampilan-apa-saja/",
      "og_locale": "en_US",
      "og_type": "article",
      "og_title": "Mau Jadi Founder, Harus Punya Keterampilan Apa Saja? - 1000 Startup Digital",
      "og_description": "Jika ingin menjadi&nbsp;founder&nbsp;startup, keterampilan apa saja yang harus dipelajari dan dikuasai? Apakah menjadi&nbsp;founder&nbsp;harus jago dalam bidang teknologi? Mengapa keterampilan-keterampilan tersebut penting? Artikel ini menjawab semua pertanyaan di atas berdasarkan riset yang dilakukan oleh Tom Eisenmann, Rob Howe, dan Beth Altringer. Hasil penelitian dipublikasikan lewat artikel Harvard Business Review, di mana penulis mengajukan pertanyaan kepada&nbsp;founder&nbsp;yang merupakan [&hellip;]",
      "og_url": "https://1000startupdigital.id/mau-jadi-founder-harus-punya-keterampilan-apa-saja/",
      "og_site_name": "1000 Startup Digital",
      "article_published_time": "2022-10-12T06:35:00+00:00",
      "article_modified_time": "2022-11-22T06:37:46+00:00",
      "og_image": [
        {
          "width": 1400,
          "height": 933,
          "url": "https://1000startupdigital.id/wp-content/uploads/2022/11/0_vRahNg8f_zJ9otkZ.jpeg",
          "type": "image/jpeg"
        }
      ],
      "author": "#1000StartupDigital",
      "twitter_card": "summary_large_image",
      "twitter_misc": {
        "Written by": "#1000StartupDigital",
        "Est. reading time": "4 minutes"
      },
      "schema": {
        "@context": "https://schema.org",
        "@graph": [
          {
            "@type": "WebPage",
            "@id": "https://1000startupdigital.id/mau-jadi-founder-harus-punya-keterampilan-apa-saja/",
            "url": "https://1000startupdigital.id/mau-jadi-founder-harus-punya-keterampilan-apa-saja/",
            "name": "Mau Jadi Founder, Harus Punya Keterampilan Apa Saja? - 1000 Startup Digital",
            "isPartOf": {
              "@id": "https://1000startupdigital.id/#website"
            },
            "datePublished": "2022-10-12T06:35:00+00:00",
            "dateModified": "2022-11-22T06:37:46+00:00",
            "author": {
              "@id": "https://1000startupdigital.id/#/schema/person/58aa650f0dbc5aa0a1c63b7daf459081"
            },
            "breadcrumb": {
              "@id": "https://1000startupdigital.id/mau-jadi-founder-harus-punya-keterampilan-apa-saja/#breadcrumb"
            },
            "inLanguage": "en-US",
            "potentialAction": [
              {
                "@type": "ReadAction",
                "target": [
                  "https://1000startupdigital.id/mau-jadi-founder-harus-punya-keterampilan-apa-saja/"
                ]
              }
            ]
          },
          {
            "@type": "BreadcrumbList",
            "@id": "https://1000startupdigital.id/mau-jadi-founder-harus-punya-keterampilan-apa-saja/#breadcrumb",
            "itemListElement": [
              {
                "@type": "ListItem",
                "position": 1,
                "name": "Home",
                "item": "https://1000startupdigital.id/"
              },
              {
                "@type": "ListItem",
                "position": 2,
                "name": "Mau Jadi Founder, Harus Punya Keterampilan Apa Saja?"
              }
            ]
          },
          {
            "@type": "WebSite",
            "@id": "https://1000startupdigital.id/#website",
            "url": "https://1000startupdigital.id/",
            "name": "1000 Startup Digital",
            "description": "Rintis startupmu bersama mentor &amp; praktisi digital",
            "potentialAction": [
              {
                "@type": "SearchAction",
                "target": {
                  "@type": "EntryPoint",
                  "urlTemplate": "https://1000startupdigital.id/?s={search_term_string}"
                },
                "query-input": "required name=search_term_string"
              }
            ],
            "inLanguage": "en-US"
          },
          {
            "@type": "Person",
            "@id": "https://1000startupdigital.id/#/schema/person/58aa650f0dbc5aa0a1c63b7daf459081",
            "name": "#1000StartupDigital",
            "image": {
              "@type": "ImageObject",
              "inLanguage": "en-US",
              "@id": "https://1000startupdigital.id/#/schema/person/image/",
              "url": "https://1000startupdigital.id/wp-content/uploads/2021/08/ICON-1-150x150.png",
              "contentUrl": "https://1000startupdigital.id/wp-content/uploads/2021/08/ICON-1-150x150.png",
              "caption": "#1000StartupDigital"
            },
            "sameAs": ["http://1000startupdigital.id"],
            "url": "https://1000startupdigital.id/author/1000startupdigital/"
          }
        ]
      }
    },
    "_links": {
      "self": [
        {
          "href": "https://1000startupdigital.id/wp-json/wp/v2/posts/8459"
        }
      ],
      "collection": [
        {
          "href": "https://1000startupdigital.id/wp-json/wp/v2/posts"
        }
      ],
      "about": [
        {
          "href": "https://1000startupdigital.id/wp-json/wp/v2/types/post"
        }
      ],
      "author": [
        {
          "embeddable": true,
          "href": "https://1000startupdigital.id/wp-json/wp/v2/users/2"
        }
      ],
      "replies": [
        {
          "embeddable": true,
          "href": "https://1000startupdigital.id/wp-json/wp/v2/comments?post=8459"
        }
      ],
      "version-history": [
        {
          "count": 1,
          "href": "https://1000startupdigital.id/wp-json/wp/v2/posts/8459/revisions"
        }
      ],
      "predecessor-version": [
        {
          "id": 8461,
          "href": "https://1000startupdigital.id/wp-json/wp/v2/posts/8459/revisions/8461"
        }
      ],
      "wp:featuredmedia": [
        {
          "embeddable": true,
          "href": "https://1000startupdigital.id/wp-json/wp/v2/media/8460"
        }
      ],
      "wp:attachment": [
        {
          "href": "https://1000startupdigital.id/wp-json/wp/v2/media?parent=8459"
        }
      ],
      "wp:term": [
        {
          "taxonomy": "category",
          "embeddable": true,
          "href": "https://1000startupdigital.id/wp-json/wp/v2/categories?post=8459"
        },
        {
          "taxonomy": "post_tag",
          "embeddable": true,
          "href": "https://1000startupdigital.id/wp-json/wp/v2/tags?post=8459"
        }
      ],
      "curies": [
        {
          "name": "wp",
          "href": "https://api.w.org/{rel}",
          "templated": true
        }
      ]
    }
  },
  {
    "id": 8455,
    "date": "2022-10-11T12:12:00",
    "date_gmt": "2022-10-11T05:12:00",
    "guid": {
      "rendered": "https://1000startupdigital.id/?p=8455"
    },
    "modified": "2022-11-22T12:15:31",
    "modified_gmt": "2022-11-22T05:15:31",
    "slug": "founder-ini-alasan-pentingnya-meluncurkan-produk-secara-diam-diam",
    "status": "publish",
    "type": "post",
    "link": "https://1000startupdigital.id/founder-ini-alasan-pentingnya-meluncurkan-produk-secara-diam-diam/",
    "title": {
      "rendered": "Founder, Ini Alasan Pentingnya Meluncurkan Produk Secara Diam-Diam!"
    },
    "content": {
      "rendered": "Simpan pengumuman besarmu untuk nanti. 😉\nMembangun bisnis yang sukses membutuhkan daya tarik konsumen. Namun, hal tersebut tidak dapat kamu raih begitu saja dalam satu hari. Jadi, mengapa banyak perusahaan yang baru mengadakan pengumuman produk secara besar-besaran di hari peluncuran? Padahal, strategi tersebut cenderung memiliki banyak resiko, loh.\n\nJika startupmu belum diketahui banyak orang, coba terapkan ‘soft launching’ atau peluncuran secara diam-diam. Tidak perlu melakukan sesuatu yang heboh atau besar, karena memang belum waktunya kamu tiba di tahap itu.\n\nBerikut ini adalah beberapa alasan mengapa startup yang masih ditahap awal disarankan untuk melakukan peluncuran secara diam-diam. Simak baik-baik ya, founder!\n\n1. Efek nihil dari pre-release publicity\n\nSebelum tanggal peluncuran, startup seringkali melakukan pre-release publicity yang bertujuan mempublikasikan kepada publik bahwa mereka akan meluncurkan produk baru.\n\nPre-release publicity umumnya diawali dengan penulisan press release yang diunggah lewat media sosial dan website, menggunakan landing page dengan beta signup atau email list signup. Setelah itu, biasanya startup akan mendapatkan ucapan selamat atas peluncuran produk dari koneksi terdekatnya.\n\nNamun kenyataannya, banyak founder yang bingung, mengapa tidak ada calon konsumen yang mendaftar ke dalam beta program atau email list mereka. Ditambah lagi, mereka gagal meraih exposure dari media karena peluncuran produk dianggap kurang menarik. Startup juga tetap kesulitan untuk menjadi viral meskipun koneksi mereka telah mengetahui adanya peluncuran produk.\n\n2. Ucapan selamat bukan berarti kesuksesan\n\nPeluncuran produk adalah langkah pertamamu dalam mengenalkan produk ke publik. Jadi, mendapatkan ucapan selamat atas peluncuran produk bukan berarti kamu telah meraih kesuksesan.\n\nSering kali, founder terbawa suasana bahagia atas peluncuran produknya sehingga lupa memprioritaskan langkah selanjutnya yang justru lebih penting.\n\nSaat memulai sesuatu, kamu tidak perlu membuat seluruh dunia mengetahuinya. Kamu cukup menginformasikan orang-orang terdekat yang dapat membantumu. Tidak perlu berambisi untuk menjadi viral, karena yang kamu butuhkan hanyalah daya tarik dari target konsumen.\n\n3. Risiko dari peluncuran produk besar-besaran\n\nTanpa adanya daya tarik, kamu akan kesulitan untuk membedakan apakah produk yang kamu harapkan akan disukai orang-orang, akan serupa dengan produk yang dapat membuat startup-mu sukses. Mengadakan pre-release publicity berisiko menawarkan calon konsumen sebuah barang ‘palsu,’ alias produk yang dapat saja kamu ubah nantinya sesuai kondisi pasar.\n\nSaat startup-mu sudah mempunyai pelanggan, dan pelanggan tersebut membeli produkmu yang menurut mereka bernilai, produkmu dapat saja terlihat berbeda dengan ide awal yang kamu tawarkan saat peluncuran produk.\n\nCoba bayangkan, jika kamu mengundang seluruh dunia untuk melihat peluncuran produk, nantinya kamu pasti akan mendapat banyak komentar dan komplain berdasarkan ekspetasi orang-orang terhadap produkmu di awal peluncuran.\n\n4. Siapa target konsumenmu yang sesungguhnya?\n\nSaat meluncurkan sebuah produk, yang terpenting adalah melayani calon konsumen yang akan paling berpengaruh dalam membentuk pasarmu. Temukanlah konsumen yang membutuhkan produkmu, dan fokuslah untuk menjual produkmu kepada mereka.\n\nPeluncuran besar-besaran hanya akan menimbulkan beragam risiko. Mulai dari tingginya ekspetasi, hingga konsumen yang kecewa dengan produkmu yang berubah. Tentu saja, hal ini bukan berarti kamu harus terus beroperasi tanpa publikasi. Selain memberi tahu keluarga dan teman terdekat tentang bisnismu, seluruh publikasi yang kamu lakukan harus ditargetkan sesuai target konsumenmu.\n\nSetelah startup-mu tumbuh, memiliki sejumlah pelanggan loyal, barulah kamu dapat beraksi dalam skala besar. Buatlah kerja sama seperti partnership, rancang milestone/tonggak pencapaian perusahaan, promo diskon besar, dan hal lainnya sebagai validasi nilai produkmu bagi konsumen. Di tahap itulah kamu punya alasan untuk membuat orang-orang beraksi membeli produkmu.\n\nBagaimana, founder? Sudah mengerti cara merancang peluncuran produk yang benar? Pantau terus blog #1000StartupDigital untuk tahu lebih banyak seputar cara membangun startup, ya!",
      "protected": false
    },
    "excerpt": {
      "rendered": "<p>Simpan pengumuman besarmu untuk nanti. 😉 Membangun bisnis yang sukses membutuhkan daya tarik konsumen. Namun, hal tersebut tidak dapat kamu raih begitu saja dalam satu hari. Jadi, mengapa banyak perusahaan yang baru mengadakan pengumuman produk secara besar-besaran di hari peluncuran? Padahal, strategi tersebut cenderung memiliki banyak resiko, loh. Jika startupmu belum diketahui banyak orang, coba [&hellip;]</p>\n",
      "protected": false
    },
    "author": 2,
    "featured_media": 8456,
    "comment_status": "closed",
    "ping_status": "closed",
    "sticky": false,
    "template": "",
    "format": "standard",
    "meta": [],
    "categories": [353],
    "tags": [138, 151, 354, 123],
    "yoast_head": "<!-- This site is optimized with the Yoast SEO plugin v19.8 - https://yoast.com/wordpress/plugins/seo/ -->\n<title>Founder, Ini Alasan Pentingnya Meluncurkan Produk Secara Diam-Diam! - 1000 Startup Digital</title>\n<meta name=\"robots\" content=\"index, follow, max-snippet:-1, max-image-preview:large, max-video-preview:-1\" />\n<link rel=\"canonical\" href=\"https://1000startupdigital.id/founder-ini-alasan-pentingnya-meluncurkan-produk-secara-diam-diam/\" />\n<meta property=\"og:locale\" content=\"en_US\" />\n<meta property=\"og:type\" content=\"article\" />\n<meta property=\"og:title\" content=\"Founder, Ini Alasan Pentingnya Meluncurkan Produk Secara Diam-Diam! - 1000 Startup Digital\" />\n<meta property=\"og:description\" content=\"Simpan pengumuman besarmu untuk nanti. 😉 Membangun bisnis yang sukses membutuhkan daya tarik konsumen. Namun, hal tersebut tidak dapat kamu raih begitu saja dalam satu hari. Jadi, mengapa banyak perusahaan yang baru mengadakan pengumuman produk secara besar-besaran di hari peluncuran? Padahal, strategi tersebut cenderung memiliki banyak resiko, loh. Jika startupmu belum diketahui banyak orang, coba [&hellip;]\" />\n<meta property=\"og:url\" content=\"https://1000startupdigital.id/founder-ini-alasan-pentingnya-meluncurkan-produk-secara-diam-diam/\" />\n<meta property=\"og:site_name\" content=\"1000 Startup Digital\" />\n<meta property=\"article:published_time\" content=\"2022-10-11T05:12:00+00:00\" />\n<meta property=\"article:modified_time\" content=\"2022-11-22T05:15:31+00:00\" />\n<meta property=\"og:image\" content=\"https://1000startupdigital.id/wp-content/uploads/2022/11/1_bD5vL5rH7sU8uH0x2xYXPA.jpeg\" />\n\t<meta property=\"og:image:width\" content=\"1400\" />\n\t<meta property=\"og:image:height\" content=\"933\" />\n\t<meta property=\"og:image:type\" content=\"image/jpeg\" />\n<meta name=\"author\" content=\"#1000StartupDigital\" />\n<meta name=\"twitter:card\" content=\"summary_large_image\" />\n<meta name=\"twitter:label1\" content=\"Written by\" />\n\t<meta name=\"twitter:data1\" content=\"#1000StartupDigital\" />\n\t<meta name=\"twitter:label2\" content=\"Est. reading time\" />\n\t<meta name=\"twitter:data2\" content=\"3 minutes\" />\n<script type=\"application/ld+json\" class=\"yoast-schema-graph\">{\"@context\":\"https://schema.org\",\"@graph\":[{\"@type\":\"WebPage\",\"@id\":\"https://1000startupdigital.id/founder-ini-alasan-pentingnya-meluncurkan-produk-secara-diam-diam/\",\"url\":\"https://1000startupdigital.id/founder-ini-alasan-pentingnya-meluncurkan-produk-secara-diam-diam/\",\"name\":\"Founder, Ini Alasan Pentingnya Meluncurkan Produk Secara Diam-Diam! - 1000 Startup Digital\",\"isPartOf\":{\"@id\":\"https://1000startupdigital.id/#website\"},\"datePublished\":\"2022-10-11T05:12:00+00:00\",\"dateModified\":\"2022-11-22T05:15:31+00:00\",\"author\":{\"@id\":\"https://1000startupdigital.id/#/schema/person/58aa650f0dbc5aa0a1c63b7daf459081\"},\"breadcrumb\":{\"@id\":\"https://1000startupdigital.id/founder-ini-alasan-pentingnya-meluncurkan-produk-secara-diam-diam/#breadcrumb\"},\"inLanguage\":\"en-US\",\"potentialAction\":[{\"@type\":\"ReadAction\",\"target\":[\"https://1000startupdigital.id/founder-ini-alasan-pentingnya-meluncurkan-produk-secara-diam-diam/\"]}]},{\"@type\":\"BreadcrumbList\",\"@id\":\"https://1000startupdigital.id/founder-ini-alasan-pentingnya-meluncurkan-produk-secara-diam-diam/#breadcrumb\",\"itemListElement\":[{\"@type\":\"ListItem\",\"position\":1,\"name\":\"Home\",\"item\":\"https://1000startupdigital.id/\"},{\"@type\":\"ListItem\",\"position\":2,\"name\":\"Founder, Ini Alasan Pentingnya Meluncurkan Produk Secara Diam-Diam!\"}]},{\"@type\":\"WebSite\",\"@id\":\"https://1000startupdigital.id/#website\",\"url\":\"https://1000startupdigital.id/\",\"name\":\"1000 Startup Digital\",\"description\":\"Rintis startupmu bersama mentor &amp; praktisi digital\",\"potentialAction\":[{\"@type\":\"SearchAction\",\"target\":{\"@type\":\"EntryPoint\",\"urlTemplate\":\"https://1000startupdigital.id/?s={search_term_string}\"},\"query-input\":\"required name=search_term_string\"}],\"inLanguage\":\"en-US\"},{\"@type\":\"Person\",\"@id\":\"https://1000startupdigital.id/#/schema/person/58aa650f0dbc5aa0a1c63b7daf459081\",\"name\":\"#1000StartupDigital\",\"image\":{\"@type\":\"ImageObject\",\"inLanguage\":\"en-US\",\"@id\":\"https://1000startupdigital.id/#/schema/person/image/\",\"url\":\"https://1000startupdigital.id/wp-content/uploads/2021/08/ICON-1-150x150.png\",\"contentUrl\":\"https://1000startupdigital.id/wp-content/uploads/2021/08/ICON-1-150x150.png\",\"caption\":\"#1000StartupDigital\"},\"sameAs\":[\"http://1000startupdigital.id\"],\"url\":\"https://1000startupdigital.id/author/1000startupdigital/\"}]}</script>\n<!-- / Yoast SEO plugin. -->",
    "yoast_head_json": {
      "title": "Founder, Ini Alasan Pentingnya Meluncurkan Produk Secara Diam-Diam! - 1000 Startup Digital",
      "robots": {
        "index": "index",
        "follow": "follow",
        "max-snippet": "max-snippet:-1",
        "max-image-preview": "max-image-preview:large",
        "max-video-preview": "max-video-preview:-1"
      },
      "canonical": "https://1000startupdigital.id/founder-ini-alasan-pentingnya-meluncurkan-produk-secara-diam-diam/",
      "og_locale": "en_US",
      "og_type": "article",
      "og_title": "Founder, Ini Alasan Pentingnya Meluncurkan Produk Secara Diam-Diam! - 1000 Startup Digital",
      "og_description": "Simpan pengumuman besarmu untuk nanti. 😉 Membangun bisnis yang sukses membutuhkan daya tarik konsumen. Namun, hal tersebut tidak dapat kamu raih begitu saja dalam satu hari. Jadi, mengapa banyak perusahaan yang baru mengadakan pengumuman produk secara besar-besaran di hari peluncuran? Padahal, strategi tersebut cenderung memiliki banyak resiko, loh. Jika startupmu belum diketahui banyak orang, coba [&hellip;]",
      "og_url": "https://1000startupdigital.id/founder-ini-alasan-pentingnya-meluncurkan-produk-secara-diam-diam/",
      "og_site_name": "1000 Startup Digital",
      "article_published_time": "2022-10-11T05:12:00+00:00",
      "article_modified_time": "2022-11-22T05:15:31+00:00",
      "og_image": [
        {
          "width": 1400,
          "height": 933,
          "url": "https://1000startupdigital.id/wp-content/uploads/2022/11/1_bD5vL5rH7sU8uH0x2xYXPA.jpeg",
          "type": "image/jpeg"
        }
      ],
      "author": "#1000StartupDigital",
      "twitter_card": "summary_large_image",
      "twitter_misc": {
        "Written by": "#1000StartupDigital",
        "Est. reading time": "3 minutes"
      },
      "schema": {
        "@context": "https://schema.org",
        "@graph": [
          {
            "@type": "WebPage",
            "@id": "https://1000startupdigital.id/founder-ini-alasan-pentingnya-meluncurkan-produk-secara-diam-diam/",
            "url": "https://1000startupdigital.id/founder-ini-alasan-pentingnya-meluncurkan-produk-secara-diam-diam/",
            "name": "Founder, Ini Alasan Pentingnya Meluncurkan Produk Secara Diam-Diam! - 1000 Startup Digital",
            "isPartOf": {
              "@id": "https://1000startupdigital.id/#website"
            },
            "datePublished": "2022-10-11T05:12:00+00:00",
            "dateModified": "2022-11-22T05:15:31+00:00",
            "author": {
              "@id": "https://1000startupdigital.id/#/schema/person/58aa650f0dbc5aa0a1c63b7daf459081"
            },
            "breadcrumb": {
              "@id": "https://1000startupdigital.id/founder-ini-alasan-pentingnya-meluncurkan-produk-secara-diam-diam/#breadcrumb"
            },
            "inLanguage": "en-US",
            "potentialAction": [
              {
                "@type": "ReadAction",
                "target": [
                  "https://1000startupdigital.id/founder-ini-alasan-pentingnya-meluncurkan-produk-secara-diam-diam/"
                ]
              }
            ]
          },
          {
            "@type": "BreadcrumbList",
            "@id": "https://1000startupdigital.id/founder-ini-alasan-pentingnya-meluncurkan-produk-secara-diam-diam/#breadcrumb",
            "itemListElement": [
              {
                "@type": "ListItem",
                "position": 1,
                "name": "Home",
                "item": "https://1000startupdigital.id/"
              },
              {
                "@type": "ListItem",
                "position": 2,
                "name": "Founder, Ini Alasan Pentingnya Meluncurkan Produk Secara Diam-Diam!"
              }
            ]
          },
          {
            "@type": "WebSite",
            "@id": "https://1000startupdigital.id/#website",
            "url": "https://1000startupdigital.id/",
            "name": "1000 Startup Digital",
            "description": "Rintis startupmu bersama mentor &amp; praktisi digital",
            "potentialAction": [
              {
                "@type": "SearchAction",
                "target": {
                  "@type": "EntryPoint",
                  "urlTemplate": "https://1000startupdigital.id/?s={search_term_string}"
                },
                "query-input": "required name=search_term_string"
              }
            ],
            "inLanguage": "en-US"
          },
          {
            "@type": "Person",
            "@id": "https://1000startupdigital.id/#/schema/person/58aa650f0dbc5aa0a1c63b7daf459081",
            "name": "#1000StartupDigital",
            "image": {
              "@type": "ImageObject",
              "inLanguage": "en-US",
              "@id": "https://1000startupdigital.id/#/schema/person/image/",
              "url": "https://1000startupdigital.id/wp-content/uploads/2021/08/ICON-1-150x150.png",
              "contentUrl": "https://1000startupdigital.id/wp-content/uploads/2021/08/ICON-1-150x150.png",
              "caption": "#1000StartupDigital"
            },
            "sameAs": ["http://1000startupdigital.id"],
            "url": "https://1000startupdigital.id/author/1000startupdigital/"
          }
        ]
      }
    },
    "_links": {
      "self": [
        {
          "href": "https://1000startupdigital.id/wp-json/wp/v2/posts/8455"
        }
      ],
      "collection": [
        {
          "href": "https://1000startupdigital.id/wp-json/wp/v2/posts"
        }
      ],
      "about": [
        {
          "href": "https://1000startupdigital.id/wp-json/wp/v2/types/post"
        }
      ],
      "author": [
        {
          "embeddable": true,
          "href": "https://1000startupdigital.id/wp-json/wp/v2/users/2"
        }
      ],
      "replies": [
        {
          "embeddable": true,
          "href": "https://1000startupdigital.id/wp-json/wp/v2/comments?post=8455"
        }
      ],
      "version-history": [
        {
          "count": 1,
          "href": "https://1000startupdigital.id/wp-json/wp/v2/posts/8455/revisions"
        }
      ],
      "predecessor-version": [
        {
          "id": 8457,
          "href": "https://1000startupdigital.id/wp-json/wp/v2/posts/8455/revisions/8457"
        }
      ],
      "wp:featuredmedia": [
        {
          "embeddable": true,
          "href": "https://1000startupdigital.id/wp-json/wp/v2/media/8456"
        }
      ],
      "wp:attachment": [
        {
          "href": "https://1000startupdigital.id/wp-json/wp/v2/media?parent=8455"
        }
      ],
      "wp:term": [
        {
          "taxonomy": "category",
          "embeddable": true,
          "href": "https://1000startupdigital.id/wp-json/wp/v2/categories?post=8455"
        },
        {
          "taxonomy": "post_tag",
          "embeddable": true,
          "href": "https://1000startupdigital.id/wp-json/wp/v2/tags?post=8455"
        }
      ],
      "curies": [
        {
          "name": "wp",
          "href": "https://api.w.org/{rel}",
          "templated": true
        }
      ]
    }
  },
  {
    "id": 8450,
    "date": "2022-10-10T09:32:13",
    "date_gmt": "2022-10-10T02:32:13",
    "guid": {
      "rendered": "https://1000startupdigital.id/?p=8450"
    },
    "modified": "2022-11-22T12:16:38",
    "modified_gmt": "2022-11-22T05:16:38",
    "slug": "strategi-positioning-untuk-startup-manfaat-cara-menentukannya",
    "status": "publish",
    "type": "post",
    "link": "https://1000startupdigital.id/strategi-positioning-untuk-startup-manfaat-cara-menentukannya/",
    "title": {
      "rendered": "Strategi Positioning untuk Startup: Manfaat dan Cara Menentukannya"
    },
    "content": {
      "rendered": "Positioning adalah strategi pemasaran untuk menempatkan produk pada benak konsumen. Strategi ini bisa berupa satu atau dua kalimat yang mendefinisikan masalah yang ingin diselesaikan dan mengapa solusi dari startupmu menarik.\n\nBagi founders yang sedang bingung dalam menentukan positioning yang tepat untuk startupmu, mari simak informasi selengkapnya berikut ini.\n\nManfaat positioning untuk startup\nPositioning dapat memengaruhi sudut pandang konsumen saat melihat produk atau jasa milik kompetitor. Berikut ini beberapa manfaat positioning untuk startupmu:\n\n1. Menguasai pasar dalam jangka panjang\nKetika sebuah startup memiliki citra positif atas produk atau jasa yang mereka tawarkan, kemungkinan besar mereka dapat menanamkan keunggulan produk mereka di benak pelanggan dalam jangka panjang.\n\n2. Meningkatkan omset bisnis\nTotal omset atau pendapatan dipengaruhi oleh tingkat penjualan. Nah, di sinilah positioning berperan untuk meningkatkan kemungkinan startupmu dapat menjangkau pasar yang lebih luas, sehingga memiliki peluang lebih besar memperoleh omset yang tinggi.\n\n3. Membentuk efektivitas komunikasi\nPositioning membantu efektivitas komunikasi antara perusahaan dengan pelanggan agar hubungan keduanya lebih sehat dan kuat.\n\nCara menentukan positioning startup\nLangkah pertama positioning yang bisa kamu lakukan yaitu memahami empat tipe pasar di bawah ini:\n\nProduk baru di pasar yang sudah ada.\nProduk baru di pasar baru.\nProduk baru yang sedang melakukan segmentasi ulang di pasar yang sudah ada dengan biaya rendah.\nProduk baru yang mencoba melakukan segmentasi ulang di pasar yang sudah ada dengan menciptakan niche.\nMenjawab beberapa pertanyaan berikut ini dapat membantu menentukan positioning yang tepat untuk startupmu:\n\nApa yang berbeda dari cara kerja produk atau jasa startupmu?\nSiapa segmentasi pelangganmu? Bisa dimulai dari “pengguna Android” atau “orang yang tidak memiliki mobil”, setelah itu coba buat yang lebih spesifik.\nApakah ada startup lain yang memecahkan masalah serupa? Cari tahu pula kekuatan dan kelemahan mereka dibandingkan startupmu.\nApa pain point atau kesulitan yang dihadapi pelanggan? Buatlah secara jelas dan spesifik.\nBuatlah positioning startup yang unik dan solutif agar kamu dapat mengoptimalkan proses branding.\n\nCara menentukan nama startup\nSetelah menentukan positioning startup, fitur-fitur yang perlu kamu buat atau kembangkan menjadi lebih jelas. Namun, proses menentukan positioning sering kali dilewatkan oleh banyak founders, salah satunya mengevaluasi persaingan dengan kompetitor saat menyusun positioning mereka.\n\nIni merupakan kesalahan fatal, karena penting bagi founders untuk memahami startupmu sendiri agar dapat mengetahui bagaimana cara kompetitor beroperasi. Mulailah dengan membandingkan produk atau jasa yang ditawarkan startupmu dengan kompetitor.\n\nDapat menentukan positioning yang tepat untuk startup lebih penting daripada menentukan nama untuk startupmu. Jika berhasil menentukan positioning, memilih nama yang akhirnya ada di semua situs web, merek, dan fitur produkmu dapat muncul. Nama startup juga berperans sebagai cerminan citra bisnismu selama bertahun-tahun ke depan.\n\nPertama, buat tiga nama yang deskriptif, sugestif, dan impresif, karena kamu tidak tahu apakah kamu akan menemukan nama yang akan membuatmu terpikat. Kedua, ambil pernyataan positioning untuk dipisahkan menjadi kata benda dan kata kerja. Lalu, buatlah daftar sinonim dari kata-kata yang bermakna untuk menemukan nama yang mungkin cocok untuk startupmu.\n\nKamu mungkin ingin menggunakan nama-nama aneh agar terkesan unik. Meskipun nama aneh terdengar rumit, tapi nama tersebut memiliki beberapa keuntungan, seperti lebih mudah diingat, serta lebih mudah mendapatkan merek dagang dan domain.",
      "protected": false
    },
    "excerpt": {
      "rendered": "<p>Positioning&nbsp;adalah strategi pemasaran untuk menempatkan produk pada benak konsumen. Strategi ini bisa berupa satu atau dua kalimat yang mendefinisikan masalah yang ingin diselesaikan dan mengapa solusi dari startupmu menarik. Bagi&nbsp;founders&nbsp;yang sedang bingung dalam menentukan&nbsp;positioning&nbsp;yang tepat untuk startupmu, mari simak informasi selengkapnya berikut ini. Manfaat positioning untuk startup Positioning&nbsp;dapat memengaruhi sudut pandang konsumen saat melihat produk [&hellip;]</p>\n",
      "protected": false
    },
    "author": 2,
    "featured_media": 8451,
    "comment_status": "closed",
    "ping_status": "closed",
    "sticky": false,
    "template": "",
    "format": "standard",
    "meta": [],
    "categories": [250],
    "tags": [138, 125, 123],
    "yoast_head": "<!-- This site is optimized with the Yoast SEO plugin v19.8 - https://yoast.com/wordpress/plugins/seo/ -->\n<title>Strategi Positioning untuk Startup: Manfaat &amp; Cara Menentukannya - 1000 Startup Digital</title>\n<meta name=\"robots\" content=\"index, follow, max-snippet:-1, max-image-preview:large, max-video-preview:-1\" />\n<link rel=\"canonical\" href=\"https://1000startupdigital.id/strategi-positioning-untuk-startup-manfaat-cara-menentukannya/\" />\n<meta property=\"og:locale\" content=\"en_US\" />\n<meta property=\"og:type\" content=\"article\" />\n<meta property=\"og:title\" content=\"Strategi Positioning untuk Startup: Manfaat &amp; Cara Menentukannya - 1000 Startup Digital\" />\n<meta property=\"og:description\" content=\"Positioning&nbsp;adalah strategi pemasaran untuk menempatkan produk pada benak konsumen. Strategi ini bisa berupa satu atau dua kalimat yang mendefinisikan masalah yang ingin diselesaikan dan mengapa solusi dari startupmu menarik. Bagi&nbsp;founders&nbsp;yang sedang bingung dalam menentukan&nbsp;positioning&nbsp;yang tepat untuk startupmu, mari simak informasi selengkapnya berikut ini. Manfaat positioning untuk startup Positioning&nbsp;dapat memengaruhi sudut pandang konsumen saat melihat produk [&hellip;]\" />\n<meta property=\"og:url\" content=\"https://1000startupdigital.id/strategi-positioning-untuk-startup-manfaat-cara-menentukannya/\" />\n<meta property=\"og:site_name\" content=\"1000 Startup Digital\" />\n<meta property=\"article:published_time\" content=\"2022-10-10T02:32:13+00:00\" />\n<meta property=\"article:modified_time\" content=\"2022-11-22T05:16:38+00:00\" />\n<meta property=\"og:image\" content=\"https://1000startupdigital.id/wp-content/uploads/2022/11/1_SK6DJzBlkhfmoYx60bxk-Q.jpeg\" />\n\t<meta property=\"og:image:width\" content=\"1400\" />\n\t<meta property=\"og:image:height\" content=\"934\" />\n\t<meta property=\"og:image:type\" content=\"image/jpeg\" />\n<meta name=\"author\" content=\"#1000StartupDigital\" />\n<meta name=\"twitter:card\" content=\"summary_large_image\" />\n<meta name=\"twitter:label1\" content=\"Written by\" />\n\t<meta name=\"twitter:data1\" content=\"#1000StartupDigital\" />\n\t<meta name=\"twitter:label2\" content=\"Est. reading time\" />\n\t<meta name=\"twitter:data2\" content=\"3 minutes\" />\n<script type=\"application/ld+json\" class=\"yoast-schema-graph\">{\"@context\":\"https://schema.org\",\"@graph\":[{\"@type\":\"WebPage\",\"@id\":\"https://1000startupdigital.id/strategi-positioning-untuk-startup-manfaat-cara-menentukannya/\",\"url\":\"https://1000startupdigital.id/strategi-positioning-untuk-startup-manfaat-cara-menentukannya/\",\"name\":\"Strategi Positioning untuk Startup: Manfaat &amp; Cara Menentukannya - 1000 Startup Digital\",\"isPartOf\":{\"@id\":\"https://1000startupdigital.id/#website\"},\"datePublished\":\"2022-10-10T02:32:13+00:00\",\"dateModified\":\"2022-11-22T05:16:38+00:00\",\"author\":{\"@id\":\"https://1000startupdigital.id/#/schema/person/58aa650f0dbc5aa0a1c63b7daf459081\"},\"breadcrumb\":{\"@id\":\"https://1000startupdigital.id/strategi-positioning-untuk-startup-manfaat-cara-menentukannya/#breadcrumb\"},\"inLanguage\":\"en-US\",\"potentialAction\":[{\"@type\":\"ReadAction\",\"target\":[\"https://1000startupdigital.id/strategi-positioning-untuk-startup-manfaat-cara-menentukannya/\"]}]},{\"@type\":\"BreadcrumbList\",\"@id\":\"https://1000startupdigital.id/strategi-positioning-untuk-startup-manfaat-cara-menentukannya/#breadcrumb\",\"itemListElement\":[{\"@type\":\"ListItem\",\"position\":1,\"name\":\"Home\",\"item\":\"https://1000startupdigital.id/\"},{\"@type\":\"ListItem\",\"position\":2,\"name\":\"Strategi Positioning untuk Startup: Manfaat &amp; Cara Menentukannya\"}]},{\"@type\":\"WebSite\",\"@id\":\"https://1000startupdigital.id/#website\",\"url\":\"https://1000startupdigital.id/\",\"name\":\"1000 Startup Digital\",\"description\":\"Rintis startupmu bersama mentor &amp; praktisi digital\",\"potentialAction\":[{\"@type\":\"SearchAction\",\"target\":{\"@type\":\"EntryPoint\",\"urlTemplate\":\"https://1000startupdigital.id/?s={search_term_string}\"},\"query-input\":\"required name=search_term_string\"}],\"inLanguage\":\"en-US\"},{\"@type\":\"Person\",\"@id\":\"https://1000startupdigital.id/#/schema/person/58aa650f0dbc5aa0a1c63b7daf459081\",\"name\":\"#1000StartupDigital\",\"image\":{\"@type\":\"ImageObject\",\"inLanguage\":\"en-US\",\"@id\":\"https://1000startupdigital.id/#/schema/person/image/\",\"url\":\"https://1000startupdigital.id/wp-content/uploads/2021/08/ICON-1-150x150.png\",\"contentUrl\":\"https://1000startupdigital.id/wp-content/uploads/2021/08/ICON-1-150x150.png\",\"caption\":\"#1000StartupDigital\"},\"sameAs\":[\"http://1000startupdigital.id\"],\"url\":\"https://1000startupdigital.id/author/1000startupdigital/\"}]}</script>\n<!-- / Yoast SEO plugin. -->",
    "yoast_head_json": {
      "title": "Strategi Positioning untuk Startup: Manfaat &amp; Cara Menentukannya - 1000 Startup Digital",
      "robots": {
        "index": "index",
        "follow": "follow",
        "max-snippet": "max-snippet:-1",
        "max-image-preview": "max-image-preview:large",
        "max-video-preview": "max-video-preview:-1"
      },
      "canonical": "https://1000startupdigital.id/strategi-positioning-untuk-startup-manfaat-cara-menentukannya/",
      "og_locale": "en_US",
      "og_type": "article",
      "og_title": "Strategi Positioning untuk Startup: Manfaat &amp; Cara Menentukannya - 1000 Startup Digital",
      "og_description": "Positioning&nbsp;adalah strategi pemasaran untuk menempatkan produk pada benak konsumen. Strategi ini bisa berupa satu atau dua kalimat yang mendefinisikan masalah yang ingin diselesaikan dan mengapa solusi dari startupmu menarik. Bagi&nbsp;founders&nbsp;yang sedang bingung dalam menentukan&nbsp;positioning&nbsp;yang tepat untuk startupmu, mari simak informasi selengkapnya berikut ini. Manfaat positioning untuk startup Positioning&nbsp;dapat memengaruhi sudut pandang konsumen saat melihat produk [&hellip;]",
      "og_url": "https://1000startupdigital.id/strategi-positioning-untuk-startup-manfaat-cara-menentukannya/",
      "og_site_name": "1000 Startup Digital",
      "article_published_time": "2022-10-10T02:32:13+00:00",
      "article_modified_time": "2022-11-22T05:16:38+00:00",
      "og_image": [
        {
          "width": 1400,
          "height": 934,
          "url": "https://1000startupdigital.id/wp-content/uploads/2022/11/1_SK6DJzBlkhfmoYx60bxk-Q.jpeg",
          "type": "image/jpeg"
        }
      ],
      "author": "#1000StartupDigital",
      "twitter_card": "summary_large_image",
      "twitter_misc": {
        "Written by": "#1000StartupDigital",
        "Est. reading time": "3 minutes"
      },
      "schema": {
        "@context": "https://schema.org",
        "@graph": [
          {
            "@type": "WebPage",
            "@id": "https://1000startupdigital.id/strategi-positioning-untuk-startup-manfaat-cara-menentukannya/",
            "url": "https://1000startupdigital.id/strategi-positioning-untuk-startup-manfaat-cara-menentukannya/",
            "name": "Strategi Positioning untuk Startup: Manfaat &amp; Cara Menentukannya - 1000 Startup Digital",
            "isPartOf": {
              "@id": "https://1000startupdigital.id/#website"
            },
            "datePublished": "2022-10-10T02:32:13+00:00",
            "dateModified": "2022-11-22T05:16:38+00:00",
            "author": {
              "@id": "https://1000startupdigital.id/#/schema/person/58aa650f0dbc5aa0a1c63b7daf459081"
            },
            "breadcrumb": {
              "@id": "https://1000startupdigital.id/strategi-positioning-untuk-startup-manfaat-cara-menentukannya/#breadcrumb"
            },
            "inLanguage": "en-US",
            "potentialAction": [
              {
                "@type": "ReadAction",
                "target": [
                  "https://1000startupdigital.id/strategi-positioning-untuk-startup-manfaat-cara-menentukannya/"
                ]
              }
            ]
          },
          {
            "@type": "BreadcrumbList",
            "@id": "https://1000startupdigital.id/strategi-positioning-untuk-startup-manfaat-cara-menentukannya/#breadcrumb",
            "itemListElement": [
              {
                "@type": "ListItem",
                "position": 1,
                "name": "Home",
                "item": "https://1000startupdigital.id/"
              },
              {
                "@type": "ListItem",
                "position": 2,
                "name": "Strategi Positioning untuk Startup: Manfaat &amp; Cara Menentukannya"
              }
            ]
          },
          {
            "@type": "WebSite",
            "@id": "https://1000startupdigital.id/#website",
            "url": "https://1000startupdigital.id/",
            "name": "1000 Startup Digital",
            "description": "Rintis startupmu bersama mentor &amp; praktisi digital",
            "potentialAction": [
              {
                "@type": "SearchAction",
                "target": {
                  "@type": "EntryPoint",
                  "urlTemplate": "https://1000startupdigital.id/?s={search_term_string}"
                },
                "query-input": "required name=search_term_string"
              }
            ],
            "inLanguage": "en-US"
          },
          {
            "@type": "Person",
            "@id": "https://1000startupdigital.id/#/schema/person/58aa650f0dbc5aa0a1c63b7daf459081",
            "name": "#1000StartupDigital",
            "image": {
              "@type": "ImageObject",
              "inLanguage": "en-US",
              "@id": "https://1000startupdigital.id/#/schema/person/image/",
              "url": "https://1000startupdigital.id/wp-content/uploads/2021/08/ICON-1-150x150.png",
              "contentUrl": "https://1000startupdigital.id/wp-content/uploads/2021/08/ICON-1-150x150.png",
              "caption": "#1000StartupDigital"
            },
            "sameAs": ["http://1000startupdigital.id"],
            "url": "https://1000startupdigital.id/author/1000startupdigital/"
          }
        ]
      }
    },
    "_links": {
      "self": [
        {
          "href": "https://1000startupdigital.id/wp-json/wp/v2/posts/8450"
        }
      ],
      "collection": [
        {
          "href": "https://1000startupdigital.id/wp-json/wp/v2/posts"
        }
      ],
      "about": [
        {
          "href": "https://1000startupdigital.id/wp-json/wp/v2/types/post"
        }
      ],
      "author": [
        {
          "embeddable": true,
          "href": "https://1000startupdigital.id/wp-json/wp/v2/users/2"
        }
      ],
      "replies": [
        {
          "embeddable": true,
          "href": "https://1000startupdigital.id/wp-json/wp/v2/comments?post=8450"
        }
      ],
      "version-history": [
        {
          "count": 1,
          "href": "https://1000startupdigital.id/wp-json/wp/v2/posts/8450/revisions"
        }
      ],
      "predecessor-version": [
        {
          "id": 8452,
          "href": "https://1000startupdigital.id/wp-json/wp/v2/posts/8450/revisions/8452"
        }
      ],
      "wp:featuredmedia": [
        {
          "embeddable": true,
          "href": "https://1000startupdigital.id/wp-json/wp/v2/media/8451"
        }
      ],
      "wp:attachment": [
        {
          "href": "https://1000startupdigital.id/wp-json/wp/v2/media?parent=8450"
        }
      ],
      "wp:term": [
        {
          "taxonomy": "category",
          "embeddable": true,
          "href": "https://1000startupdigital.id/wp-json/wp/v2/categories?post=8450"
        },
        {
          "taxonomy": "post_tag",
          "embeddable": true,
          "href": "https://1000startupdigital.id/wp-json/wp/v2/tags?post=8450"
        }
      ],
      "curies": [
        {
          "name": "wp",
          "href": "https://api.w.org/{rel}",
          "templated": true
        }
      ]
    }
  }
]
