[
  {
    "title": "REY SUMMIT #8 - Diseminasi Kedaireka AIMEE",
    "description": "REY SUMMIT #8 Diseminɑsi Trɑnsformɑsi Perpɑduɑn Keɑrifɑn Lokɑl 1000 Multitɑlentɑ Stɑrtup Digitɑl Indonesiɑ\n\nRɑngkɑiɑn Workshop AIMEE menghɑdirkɑn REY Summit #8 yɑng spektɑkuler sebɑgɑi luɑrɑn dɑri Progrɑm Kedɑirekɑ 2022, menghɑdirkɑn Spesiɑl Nɑrɑsumber dɑn Guest Stɑr terbɑik :\n\n🗓 : 29 November 2022\n🕐 : 08.00 - Selesɑi",
    "id": "QUUwVMpLJI4"
  },
  {
    "title": "REY SUMMIT #7 Digital Mindset Generasi Milenial",
    "description": "𝙹𝚊𝚕𝚊𝚗 𝚓𝚊𝚕𝚊𝚗 𝚖𝚎𝚗𝚞𝚓𝚞 𝚍𝚎𝚊𝚕𝚎𝚛\n 𝙹𝚊𝚗𝚐𝚊𝚗 𝚕𝚞𝚙𝚊 𝚖𝚎𝚖𝚋𝚎𝚕𝚒 𝚖𝚘𝚋𝚒𝚕𝚗𝚢𝚊\n 𝚂𝚒𝚋𝚞𝚔 𝚌𝚊𝚛𝚒 𝚠𝚎𝚋𝚒𝚗𝚊𝚛 𝚢𝚊𝚗𝚐 𝚜𝚙𝚎𝚊𝚔𝚝𝚊𝚔𝚞𝚕𝚎𝚛??\n 𝚁𝙴𝚈 𝚂𝚞𝚖𝚖𝚒𝚝 #𝟽 𝚕𝚊𝚑 𝚓𝚊𝚠𝚊𝚋𝚊𝚗𝚗𝚢𝚊 🤗\n \n 𝙳𝚒𝚜𝚎𝚖𝚒𝚗𝚊𝚜𝚒 𝙿𝚛𝚘𝚍𝚞𝚔 𝙺𝚎𝚍𝚊𝚒𝚛𝚎𝚔𝚊 𝙰𝙸𝙼𝙴𝙴\n 𝚁𝙴𝚈 𝚂𝚄𝙼𝙼𝙸𝚃 #𝟽 𝙳𝚒𝚐𝚒𝚝𝚊𝚕 𝙼𝚒𝚗𝚍𝚜𝚎𝚝 𝙶𝚎𝚗𝚎𝚛𝚊𝚜𝚒 𝙼𝚒𝚕𝚎𝚗𝚗𝚒𝚊𝚕 𝙸𝚗𝚍𝚘𝚗𝚎𝚜𝚒𝚊 🚀\n 𝙼𝚎𝚗𝚐𝚑𝚊𝚍𝚒𝚛𝚔𝚊𝚗 𝚜𝚙𝚎𝚜𝚒𝚊𝚕 𝙽𝚊𝚛𝚊𝚜𝚞𝚖𝚋𝚎𝚛 𝚢𝚊𝚒𝚝𝚞 :\n \n 🌟 𝙳𝚛. 𝙸𝚛. 𝙷. 𝙼 𝙱𝚞𝚍𝚒 𝙳𝚓𝚊𝚝𝚖𝚒𝚔𝚘, 𝙼.𝚂𝚒., 𝙼𝙴𝙸 🌟\n \n • 𝚎-𝙲𝚎𝚛𝚝𝚒𝚏𝚒𝚌𝚊𝚝𝚎 𝙰𝙸𝙼𝙴𝙴\n • 𝙸𝚕𝚖𝚞 𝚢𝚊𝚗𝚐 𝚋𝚎𝚛𝚖𝚊𝚗𝚏𝚊𝚊𝚝\n • 𝙿𝚎𝚛𝚝𝚎𝚖𝚊𝚗𝚊𝚗 𝚍𝚒 𝚜𝚎𝚕𝚞𝚛𝚞𝚑 𝙸𝚗𝚍𝚘𝚗𝚎𝚜𝚒𝚊\n \n 🗓 : 𝟾 𝙽𝚘𝚟𝚎𝚖𝚋𝚎𝚛 𝟸𝟶𝟸𝟸\n 🕐 : 09.00 - 11.10 𝚆𝙸𝙱",
    "id": "dnMG9_JFQX4"
  },
  {
    "title": "REY SUMMIT #5 Lean Startup iLearning is Earning",
    "description": "𝘚𝘸𝘦𝘦𝘵 𝘙𝘦𝘮𝘪𝘯𝘥𝘦𝘳!! \n\n 𝘙𝘌𝘠 𝘚𝘜𝘔𝘔𝘐𝘛 #5 𝘓𝘦𝘢𝘯 𝘚𝘵𝘢𝘳𝘵𝘶𝘱 : 𝘪𝘓𝘦𝘢𝘳𝘯𝘪𝘯𝘨 𝘪𝘴 𝘌𝘢𝘳𝘯𝘪𝘯𝘨🚀 \n \n 𝘈𝘐𝘔𝘌𝘌 menghadirkan kembali 𝘙𝘌𝘠 𝘚𝘶𝘮𝘮𝘪𝘵 yang jauh lebih menarik, dan pagelarab ini menghadirkan spesial Narasumber yaitu :\n \n 🎓 𝘗𝘳𝘰𝘧. 𝘋𝘳. 𝘐𝘳. 𝘙𝘪𝘤𝘩𝘢𝘳𝘥𝘶𝘴 𝘌𝘬𝘰 𝘐𝘯𝘥𝘳𝘢𝘫𝘪𝘵, 𝘔.𝘚𝘤., 𝘔𝘉𝘈., 𝘔𝘈., 𝘔.𝘗𝘩𝘪𝘭., 𝘔.𝘚𝘪 ⭐ ⭐ \n \n • e-Certificate 𝘈𝘐𝘔𝘌𝘌\n • ilmu yang bermanfaat\n • Relasi yang bernilai \n \n 🗓 : 13 September 2022\n 🕐 : 09.00 - 11.10 WIB",
    "id": "MGlnl6KPJQ8"
  }
]
