[
  {
    "title": "UI/UX from Backend Perspective",
    "description": "Jangan lupa join kegiatan Sharing Sant🅰️🚀 #139 dengan tema *UI/UX From Backend Perspective* yang pastinya seru banget 🥳\nAkan ada banyak ilmu pengetahuan menarik yang bisa kalian dapatkan lhoo 🤩\n\n🕊️ Narasumber: *Radika Yudhistira Early* 🕊️\n\n❄ *SAVE DATE* ❄\n🗓️ Jumat, 25 November 2022\n⏰ 08.00 - Selesai\n🎥 Youtube Magics Channel",
    "id": "93jG_oajFXY"
  },
  {
    "title": "From Hobby Becomes a Startup Business",
    "description": "𝙿𝚊𝚐𝚒 𝙷𝚊𝚛𝚒 𝙱𝚞𝚔𝚊 𝚆𝚒𝚗𝚍𝚘𝚠\n𝙹𝚒𝚔𝚊 𝙸𝚗𝚐𝚒𝚗 𝙱𝚎𝚕𝚊𝚓𝚊𝚛 𝙱𝚒𝚜𝚗𝚒𝚜 𝙹𝚊𝚗𝚐𝚊𝚗 𝙿𝚞𝚜𝚒𝚗𝚐\n𝚈𝚞𝚔 𝚜𝚑𝚊𝚛𝚒𝚗𝚐 𝚠𝚒𝚝𝚑 𝙼𝚜 𝙲𝚑𝚛𝚒𝚜𝚝𝚒𝚗𝚎 𝙶𝚘𝚞𝚠\n𝙲𝙴𝙾 𝚍𝚊𝚛𝚒 𝚂𝚎𝚖𝚎𝚜𝚝𝚊 𝙻𝚒𝚟𝚒𝚗𝚐🥳\n\n𝙳𝚎𝚗𝚐𝚊𝚗 𝚝𝚎𝚖𝚊 𝙵𝚛𝚘𝚖 𝙷𝚘𝚋𝚋𝚢 𝙱𝚎𝚌𝚘𝚖𝚎𝚜 𝙰 𝚂𝚝𝚊𝚛𝚝𝚞𝚙 𝙱𝚞𝚜𝚒𝚗𝚎𝚜🚀🚀\n\n𝙱𝚊𝚗𝚢𝚊𝚔 𝚙𝚎𝚗𝚐𝚎𝚝𝚊𝚑𝚞𝚊𝚗 𝚖𝚎𝚗𝚊𝚛𝚒𝚔 𝚢𝚊𝚗𝚐 𝚋𝚒𝚜𝚊 𝚔𝚊𝚕𝚒𝚊𝚗 𝚍𝚊𝚙𝚊𝚝𝚔𝚊𝚗, 𝚔𝚒𝚝𝚊 𝚋𝚒𝚜𝚊 𝚋𝚎𝚛𝚋𝚊𝚐𝚒 𝚌𝚎𝚛𝚒𝚝𝚊, 𝚙𝚎𝚗𝚐𝚊𝚕𝚊𝚖𝚊𝚗 𝚍𝚊𝚗 𝚙𝚎𝚗𝚐𝚎𝚝𝚊𝚑𝚞𝚊𝚗 𝚖𝚎𝚗𝚐𝚎𝚗𝚊𝚒 𝙱𝚒𝚜𝚗𝚒𝚜 𝙳𝚒𝚐𝚒𝚝𝚊𝚕🤩🤩\n𝙼𝚊𝚞 𝚝𝚊𝚞 𝚔𝚎𝚜𝚎𝚛𝚞𝚊𝚗𝚗𝚢𝚊 𝚜𝚎𝚙𝚎𝚛𝚝𝚒 𝚊𝚙𝚊?\n\n𝚈𝚞𝚔𝚔𝚜𝚜, 𝚕𝚊𝚗𝚐𝚜𝚞𝚗𝚐 𝚓𝚘𝚒𝚗 𝚂𝚑𝚊𝚛𝚒𝚗𝚐 𝚂𝚊𝚗𝚝🅰️🚀#𝟺𝟼🤩🤩.\n\n𝚃𝚎𝚗𝚝𝚞𝚗𝚢𝚊 𝚋𝚊𝚗𝚢𝚊𝚔 𝚑𝚊𝚕 𝚖𝚎𝚗𝚊𝚛𝚒𝚔 𝚕𝚊𝚒𝚗𝚗𝚢𝚊 𝚕𝚘𝚑 🤩🤩🤩\n\n🚀*𝙶𝚞𝚎𝚜𝚝 𝚂𝚝𝚊𝚛 𝙹𝚒𝚗𝚓𝚊 𝙳𝚊𝚎𝚋𝚊𝚔*🚀\n𝙼𝚜 𝙲𝚑𝚛𝚒𝚜𝚝𝚒𝚗𝚎 𝙶𝚘𝚞𝚠 - 𝙲𝙴𝙾 𝚂𝚎𝚖𝚎𝚜𝚝𝚊 𝙻𝚒𝚟𝚒𝚗𝚐\n\n📢𝚂𝙰𝚅𝙴 𝙳𝙰𝚃𝙴📢\n📅 𝚂𝚎𝚗𝚒𝚗, 𝟷𝟺 𝙽𝚘𝚟𝚎𝚖𝚋𝚎𝚛 𝟸𝟶𝟸𝟸\n⏰ 𝟶𝟿.𝟶𝟶 𝚆𝙸𝙱 𝚜.𝚍. 𝟷𝟶.𝟶𝟶 𝚆𝙸𝙱\n🎥 Youtube Magics Channel",
    "id": "Q8Angt-TKXo"
  },
  {
    "title": "Transformation Program Introduction",
    "description": "𝐇𝐚𝐫𝐮𝐦𝐧𝐲𝐚 𝐁𝐮𝐧𝐠𝐚 𝐌𝐞𝐥𝐚𝐭𝐢\n𝐁𝐢𝐥𝐚 𝐉𝐚𝐥𝐚𝐧 𝐉𝐚𝐥𝐚𝐧 𝐊𝐞 𝐒𝐮𝐫𝐚𝐛𝐚𝐲𝐚\n𝐘𝐮𝐤 𝐬𝐡𝐚𝐫𝐢𝐧𝐠 𝐰𝐢𝐭𝐡 𝐌𝐬 𝐘𝐞𝐧𝐧𝐢 𝐌𝐢𝐫𝐚𝐧𝐭𝐢\n𝐃𝐚𝐫𝐢 𝐏𝐓. 𝐀𝐥𝐦𝐢𝐭𝐚 𝐉𝐚𝐥𝐚𝐦𝐚𝐲𝐚🥳\n\n𝐃𝐞𝐧𝐠𝐚𝐧 𝐭𝐞𝐦𝐚 *𝐓𝐫𝐚𝐧𝐬𝐟𝐨𝐫𝐦𝐚𝐭𝐢𝐨𝐧 𝐏𝐫𝐨𝐠𝐫𝐚𝐦 𝐈𝐧𝐭𝐫𝐨𝐝𝐮𝐜𝐭𝐢𝐨𝐧*🚀🚀\n\n𝐁𝐚𝐧𝐲𝐚𝐤 𝐩𝐞𝐧𝐠𝐞𝐭𝐚𝐡𝐮𝐚𝐧 𝐦𝐞𝐧𝐚𝐫𝐢𝐤 𝐲𝐚𝐧𝐠 𝐛𝐢𝐬𝐚 𝐤𝐚𝐥𝐢𝐚𝐧 𝐝𝐚𝐩𝐚𝐭𝐤𝐚𝐧, 𝐤𝐢𝐭𝐚 𝐛𝐢𝐬𝐚 𝐛𝐞𝐫𝐛𝐚𝐠𝐢 𝐜𝐞𝐫𝐢𝐭𝐚, 𝐩𝐞𝐧𝐠𝐚𝐥𝐚𝐦𝐚𝐧 𝐝𝐚𝐧 𝐩𝐞𝐧𝐠𝐞𝐭𝐚𝐡𝐮𝐚𝐧 𝐦𝐞𝐧𝐠𝐞𝐧𝐚𝐢 𝐁𝐢𝐬𝐧𝐢𝐬 𝐃𝐢𝐠𝐢𝐭𝐚𝐥🤩🤩\n\n𝐌𝐚𝐮 𝐭𝐚𝐮 𝐤𝐞𝐬𝐞𝐫𝐮𝐚𝐧𝐧𝐲𝐚 𝐬𝐞𝐩𝐞𝐫𝐭𝐢 𝐚𝐩𝐚?\n\n𝐘𝐮𝐤𝐤𝐬𝐬, 𝐥𝐚𝐧𝐠𝐬𝐮𝐧𝐠 𝐣𝐨𝐢𝐧 𝐒𝐡𝐚𝐫𝐢𝐧𝐠 𝐒𝐚𝐧𝐭🅰️🚀#𝟕𝟏🤩🤩.\n\n𝐓𝐞𝐧𝐭𝐮𝐧𝐲𝐚 𝐛𝐚𝐧𝐲𝐚𝐤 𝐡𝐚𝐥 𝐦𝐞𝐧𝐚𝐫𝐢𝐤 𝐥𝐚𝐢𝐧𝐧𝐲𝐚 𝐥𝐨𝐡 🤩🤩🤩\n\n🚀*𝐆𝐮𝐞𝐬𝐭 𝐒𝐭𝐚𝐫 𝐉𝐢𝐧𝐣𝐚 𝐃𝐚𝐞𝐛𝐚𝐤*🚀\n𝐌𝐬 𝐘𝐞𝐧𝐧𝐢 𝐌𝐚𝐫𝐢𝐧𝐭𝐢\n\n📢𝐒𝐀𝐕𝐄 𝐃𝐀𝐓𝐄📢\n📅 𝐒𝐞𝐧𝐢𝐧, 𝟎𝟕 𝐍𝐨𝐯𝐞𝐦𝐛𝐞𝐫 𝟐𝟎𝟐𝟐\n⏰ 𝟎𝟗.𝟎𝟎 𝐖𝐈𝐁 𝐬.𝐝. 𝟏𝟎.𝟎𝟎 𝐖𝐈𝐁\n🎥 Youtube Magics Channel",
    "id": "Z2coG0tG23o"
  },
  {
    "title": "NFT of Everything",
    "description": "𝔹𝕦𝕟𝕘𝕒 𝕤𝕖𝕝𝕒𝕤𝕚𝕙 𝕕𝕚 𝕥𝕖𝕡𝕚 𝕤𝕖𝕝𝕠𝕜𝕒𝕟\n𝕄𝕖𝕛𝕒 𝕞𝕒𝕜𝕒𝕟 𝕓𝕦𝕒𝕥 𝕒𝕟𝕘𝕜𝕣𝕚𝕟𝕘𝕒𝕟\n𝕋𝕖𝕣𝕚𝕞𝕒 𝕜𝕒𝕤𝕚𝕙 𝕜𝕒𝕞𝕚 𝕦𝕔𝕒𝕡𝕜𝕒𝕟\n𝕂𝕖𝕡𝕒𝕕𝕒 𝕥𝕒𝕞𝕦 𝕕𝕒𝕟 𝕡𝕒𝕣𝕒 𝕦𝕟𝕕𝕒𝕟𝕘𝕒𝕟 𝕪𝕦𝕜 𝕤𝕙𝕒𝕣𝕚𝕟𝕘 𝕓𝕒𝕣𝕖𝕟𝕘 𝕨𝕚𝕥𝕙 I Gede Putu Rahman Desyanta\nℂ𝔼𝕆 𝔹𝔸𝕃𝕀𝕆𝕃𝔸🥳\n\n𝗗𝗲𝗻𝗴𝗮𝗻 𝘁𝗲𝗺𝗮 ❝NFT OF EVERYTHING❞🚀🚀\n\n𝗕𝗮𝗻𝘆𝗮𝗸 𝗽𝗲𝗻𝗴𝗲𝘁𝗮𝗵𝘂𝗮𝗻 𝗺𝗲𝗻𝗮𝗿𝗶𝗸 𝘆𝗮𝗻𝗴 𝗯𝗶𝘀𝗮 𝗸𝗮𝗹𝗶𝗮𝗻 𝗱𝗮𝗽𝗮𝘁𝗸𝗮𝗻, 𝗸𝗶𝘁𝗮 𝗯𝗶𝘀𝗮 𝗯𝗲𝗿𝗯𝗮𝗴𝗶 𝗰𝗲𝗿𝗶𝘁𝗮, 𝗽𝗲𝗻𝗴𝗮𝗹𝗮𝗺𝗮𝗻 𝗱𝗮𝗻 𝗽𝗲𝗻𝗴𝗲𝘁𝗮𝗵𝘂𝗮𝗻 𝗺𝗲𝗻𝗴𝗲𝗻𝗮𝗶 𝗕𝗶𝘀𝗻𝗶𝘀 𝗗𝗶𝗴𝗶𝘁𝗮𝗹🤩🤩\n\n𝗠𝗮𝘂 𝘁𝗮𝘂 𝗸𝗲𝘀𝗲𝗿𝘂𝗮𝗻𝗻𝘆𝗮 𝘀𝗲𝗽𝗲𝗿𝘁𝗶 𝗮𝗽𝗮?\n\n𝗬𝘂𝗸𝗸𝘀𝘀, 𝗹𝗮𝗻𝗴𝘀𝘂𝗻𝗴 𝗷𝗼𝗶𝗻 𝗦𝗵𝗮𝗿𝗶𝗻𝗴 𝗦𝗮𝗻𝘁🅰️🚀#𝟟8\n\n𝗧𝗲𝗻𝘁𝘂𝗻𝘆𝗮 𝗯𝗮𝗻𝘆𝗮𝗸 𝗵𝗮𝗹 𝗺𝗲𝗻𝗮𝗿𝗶𝗸 𝗹𝗮𝗶𝗻𝗻𝘆𝗮 𝗹𝗼𝗵 🤩🤩🤩\n\n🚀𝗚𝘂𝗲𝘀t 𝗦𝘁𝗮𝗿 𝗝𝗶𝗻𝗷𝗮 𝗗𝗮𝗲𝗯𝗮𝗸🚀\nI Gede Putu Rahman Desyanta\nℂ𝔼𝕆 𝔹𝔸𝕃𝕀𝕆𝕃𝔸.\n📢𝗦𝗔𝗩𝗘 𝗗𝗔𝗧𝗘📢\n📅 𝕊𝔼𝕃𝔸𝕊𝔸, 𝟙𝟠 𝗢𝗸𝘁𝗼𝗯𝗲𝗿 𝟮𝟬𝟮𝟮\n⏰ 𝟬𝟵.𝟬𝟬 𝗪𝗜𝗕 𝘀.𝗱. 𝕊𝔼𝕃𝔼𝕊𝔸𝕀\n🎥 Youtube Magics Channel",
    "id": "Gkhoz85503o"
  },
  {
    "title": "Why Smart Financial Planning is Important for Your Startup",
    "description": "𝗝𝗮𝗹𝗮𝗻 𝗝𝗮𝗹𝗮𝗻 𝗞𝗲 𝗧𝗮𝗺𝗮𝗻 𝗦𝗮𝗳𝗮𝗿𝗶\n𝗡𝘆𝗲𝗺𝗶𝗹𝗻𝘆𝗮 𝗠𝗮𝗸𝗮𝗻 𝗗𝗼𝗻𝗮𝘁\n𝗬𝘂𝗸 𝘀𝗵𝗮𝗿𝗶𝗻𝗴 𝘄𝗶𝘁𝗵 𝗕𝗨𝗠𝗡 𝗠𝗮𝗻𝗱𝗶𝗿𝗶\n𝗣𝗮𝘀𝘁𝗶𝗻𝘆𝗮 𝗔𝗸𝗮𝗻 𝗗𝗮𝗽𝗮𝘁 𝗜𝗹𝗺𝘂 𝗬𝗮𝗻𝗴 𝗕𝗲𝗿𝗺𝗮𝗻𝗳𝗮𝗮𝘁🥳\n\n𝗗𝗲𝗻𝗴𝗮𝗻 𝘁𝗲𝗺𝗮 𝗪𝗵𝘆 𝗦𝗺𝗮𝗿𝘁 𝗙𝗶𝗻𝗮𝗻𝗰𝗶𝗮𝗹 𝗣𝗹𝗮𝗻𝗻𝗶𝗻𝗴 𝗜𝘀 𝗜𝗺𝗽𝗼𝗿𝘁𝗮𝗻𝘁 𝗙𝗼𝗿 𝗬𝗼𝘂𝗿 𝗦𝘁𝗮𝗿𝘁𝗨𝗽🚀🚀\n\n𝗕𝗮𝗻𝘆𝗮𝗸 𝗽𝗲𝗻𝗴𝗲𝘁𝗮𝗵𝘂𝗮𝗻 𝗺𝗲𝗻𝗮𝗿𝗶𝗸 𝘆𝗮𝗻𝗴 𝗯𝗶𝘀𝗮 𝗸𝗮𝗹𝗶𝗮𝗻 𝗱𝗮𝗽𝗮𝘁𝗸𝗮𝗻, 𝗸𝗶𝘁𝗮 𝗯𝗶𝘀𝗮 𝗯𝗲𝗿𝗯𝗮𝗴𝗶 𝗰𝗲𝗿𝗶𝘁𝗮, 𝗽𝗲𝗻𝗴𝗮𝗹𝗮𝗺𝗮𝗻 𝗱𝗮𝗻 𝗽𝗲𝗻𝗴𝗲𝘁𝗮𝗵𝘂𝗮𝗻 𝗺𝗲𝗻𝗴𝗲𝗻𝗮𝗶 𝗕𝗶𝘀𝗻𝗶𝘀 𝗗𝗶𝗴𝗶𝘁𝗮𝗹🤩🤩\n\n𝗠𝗮𝘂 𝘁𝗮𝘂 𝗸𝗲𝘀𝗲𝗿𝘂𝗮𝗻𝗻𝘆𝗮 𝘀𝗲𝗽𝗲𝗿𝘁𝗶 𝗮𝗽𝗮?\n\n𝗬𝘂𝗸𝗸𝘀𝘀, 𝗹𝗮𝗻𝗴𝘀𝘂𝗻𝗴 𝗷𝗼𝗶𝗻 𝗦𝗵𝗮𝗿𝗶𝗻𝗴 𝗦𝗮𝗻𝘁🅰️🚀#𝟒𝟬🤩🤩.\n\n𝗧𝗲𝗻𝘁𝘂𝗻𝘆𝗮 𝗯𝗮𝗻𝘆𝗮𝗸 𝗵𝗮𝗹 𝗺𝗲𝗻𝗮𝗿𝗶𝗸 𝗹𝗮𝗶𝗻𝗻𝘆𝗮 𝗹𝗼𝗵 🤩🤩🤩\n\n🚀𝗚𝘂𝗲𝘀𝘁 𝗦𝘁𝗮𝗿 𝗝𝗶𝗻𝗷𝗮 𝗗𝗮𝗲𝗯𝗮𝗸🚀\n𝗕𝗨𝗠𝗡 𝗠𝗮𝗻𝗱𝗶𝗿𝗶\n\n📢𝗦𝗔𝗩𝗘 𝗗𝗔𝗧𝗘📢\n📅 𝗦𝗲𝗻𝗶𝗻, 𝟮𝟰 𝗢𝗸𝘁𝗼𝗯𝗲𝗿 𝟮𝟬𝟮𝟮\n⏰ 𝟬𝟵.𝟬𝟬 𝗪𝗜𝗕 𝘀.𝗱. 𝟭𝟬.𝟬𝟬 𝗪𝗜𝗕\n🎥 Youtube Magics Channel",
    "id": "0TFVxeR_Ew4"
  },
  {
    "title": "The Evolution of Artificial Intelligence",
    "description": "ℑ𝔫𝔤𝔦𝔫 𝔪𝔢𝔪𝔭𝔢𝔯𝔩𝔲𝔞𝔰 𝔓𝔢𝔫𝔤𝔢𝔱𝔞𝔥𝔲𝔞𝔫 𝔱𝔢𝔫𝔱𝔞𝔫𝔤 𝔄𝔯𝔱𝔦𝔣𝔦𝔠𝔦𝔞𝔩 ℑ𝔫𝔱𝔢𝔩𝔦𝔤𝔢𝔫𝔠𝔢?\n\nʏᴜᴋᴋ ɪᴋᴜᴛ ᴇᴠᴇɴᴛ ꜱʜᴀʀɪɴɢ ꜱᴀɴᴛ🅰️🚀 #89 🤩\nᴘᴀꜱᴛɪɴʏᴀ ꜱᴜᴘᴇʀ ꜱᴇʀᴜᴜ ʙᴀɴɢᴇᴛ ɴɪʜ 🤗🤗\nʀᴀɪʜ ɪʟᴍᴜ ᴀʀᴛɪꜰɪᴄɪᴀʟ ɪɴᴛᴇʟɪɢᴇɴᴄᴇ ᴅᴇɴɢᴀɴ ᴘᴇᴍʙᴇʟᴀᴊᴀʀᴀɴ ʏᴀɴɢ ɪɴᴛᴇʀᴀᴋᴛɪꜰ, ᴇᴋꜱᴋʟᴜꜱɪꜰ ʜᴀɴʏᴀ ᴅɪ ʙɪꜱᴅɪ ᴄʟᴀꜱꜱ 😍😍\n\nᴅᴇɴɢᴀɴ ᴛᴇᴍᴀ \"ʜɪꜱᴛᴏʀʏ ᴏꜰ ᴀʀᴛɪꜰɪᴄɪᴀʟ ɪɴᴛᴇʟɪɢᴇɴᴄᴇ\" 🚀🚀\nʏᴀɴɢ ᴀᴋᴀɴ ᴅɪ ɴᴀʀᴀꜱᴜᴍʙᴇʀɪ ᴏʟᴇʜ ᴋᴀ ᴀᴅᴀᴍ ꜰᴀᴛᴜʀᴀʜᴍᴀɴ, ꜱ.ᴋᴏᴍ, ᴍ.ᴛ.ɪ 🥳🥳\n\nɢᴀꜱᴋᴇᴜᴜɴɴ ᴊᴏɪɴ ꜱʜᴀʀɪɴɢ ꜱᴀɴᴛ🅰️🚀 #89 ʏᴀᴀ ɢᴀᴇꜱꜱ ʏᴀᴀᴀ 🤗🤗\n\n📢 ꜱᴀᴠᴇ ᴛʜᴇ ᴅᴀᴛᴇ ɢᴀᴇꜱꜱꜱ\n📅 ꜱᴇʟᴀꜱᴀ, 27 ꜱᴇᴘᴛᴇᴍʙᴇʀ 2022\n⏰ 08.00 ᴡɪʙ ꜱ.ᴅ. ꜱᴇʟᴇꜱᴀɪ\n🎥 Youtube Magics Channel",
    "id": "DVCl8JeqKlw"
  },
  {
    "title": "Pemanfaatan AI pada Bisnis Digital",
    "description": "𝙹𝚊𝚕𝚊𝚗-𝚓𝚊𝚕𝚊𝚗 𝚔𝚎 𝚒𝚋𝚞 𝚔𝚘𝚝𝚊\n𝙿𝚞𝚕𝚊𝚗𝚐 𝚔𝚊𝚖𝚙𝚞𝚗𝚐 𝚗𝚊𝚒𝚔 𝚔𝚎𝚛𝚎𝚝𝚊\n𝙸𝚕𝚖𝚞 𝚒𝚝𝚞 𝚋𝚊𝚐𝚊𝚒𝚔𝚊𝚗 𝚙𝚎𝚕𝚒𝚝𝚊\n𝙼𝚎𝚗𝚎𝚛𝚊𝚗𝚐𝚒 𝚊𝚕𝚊𝚖 𝚜𝚎𝚖𝚎𝚜𝚝𝚊\n\n𝙰𝚗𝚗𝚢𝚎𝚘𝚗𝚐𝚑𝚊𝚜𝚎𝚢𝚘 𝚂🅰️🚀 🫶🏻😉\n𝚂𝚎𝚝𝚎𝚕𝚊𝚑 𝚢𝚎𝚜𝚝𝚎𝚛𝚍𝚊𝚢 𝚂𝚑𝚊𝚛𝚒𝚗𝚐 𝚜𝚊𝚗𝚝𝚊𝚒 #𝟿𝟶, 𝚗𝚘𝚠 𝙻𝚎𝚝'𝚜 𝚓𝚘𝚒𝚗 𝚂𝚑𝚊𝚛𝚒𝚗𝚐 𝚂𝚊𝚗𝚝🅰️🚀 #𝟿𝟷 🧡\n𝚍𝚎𝚗𝚐𝚊𝚗 𝚝𝚎𝚖𝚊 :\n\n𝙿𝚎𝚖𝚊𝚗𝚏𝚊𝚊𝚝𝚊𝚗 𝙰𝚛𝚝𝚒𝚏𝚒𝚌𝚒𝚊𝚕 𝙸𝚗𝚝𝚎𝚕𝚕𝚒𝚐𝚎𝚗𝚌𝚎 𝙳𝚊𝚕𝚊𝚖 𝙱𝚒𝚜𝚗𝚒𝚜 𝙳𝚒𝚐𝚒𝚝𝚊𝚕🤩\n\n𝚃𝚎𝚗𝚝𝚞𝚗𝚢𝚊 𝚊𝚔𝚊𝚗 𝚊𝚍𝚊 𝚋𝚊𝚗𝚢𝚊𝚔 𝚑𝚊𝚕 𝚖𝚎𝚗𝚊𝚛𝚒𝚔 𝚗𝚒𝚑 𝚢𝚊𝚗𝚐 𝚜𝚊𝚢𝚊𝚗𝚐 𝚋𝚊𝚗𝚐𝚎𝚝 𝚔𝚊𝚕𝚊𝚞 𝚍𝚒𝚕𝚎𝚠𝚊𝚝𝚒𝚗 😁\n𝙼𝚊𝚞 𝚝𝚊𝚞 𝚔𝚎𝚜𝚎𝚛𝚞𝚊𝚗𝚗𝚢𝚊 𝚜𝚎𝚙𝚎𝚛𝚝𝚒 𝚊𝚙𝚊?\n𝚈𝚞𝚔 𝙹𝚘𝚒𝚗 𝚂𝚂 #𝟿𝟷🤗🤩\n\n🌟 𝙶𝚞𝚎𝚜𝚝 𝚂𝚝𝚊𝚛 🌟\n𝚂𝚊𝚋𝚍𝚊 𝙼𝚊𝚞𝚕𝚊𝚗𝚊\n\n📢𝚂𝚊𝚟𝚎 𝙳𝚊𝚝𝚎📢\n🗓 𝚂𝚎𝚕𝚊𝚜𝚊, 𝟸𝟻 𝙾𝚔𝚝𝚘𝚋𝚎𝚛 𝟸𝟶𝟸𝟸\n⏰𝟶𝟾.𝟶𝟶 𝚆𝙸𝙱 𝚜.𝚍. 𝚂𝚎𝚕𝚎𝚜𝚊𝚒\n🎥 Youtube Magics Channel",
    "id": "LT0a5PgK2wA"
  }
]
