[
  {
    "name": "Pandopo Catering",
    "image": "https://aimee.alphabetincubator.id/wp-content/uploads/2022/06/pc.png",
    "description": "Startupreneur Food & Beverage yang memproduksi catering sehat tanpa MSG dengan mengkombinasikan masakan nusantara.",
    "address": "Tangerang",
    "link": ""
  },
  {
    "name": "Alphabet BlockChain",
    "image": "https://aimee.alphabetincubator.id/wp-content/uploads/2022/06/abc.png",
    "description": "Startupreneur sukses di bidang teknologi Blockchain untuk autentikasi dan verifikasi Dokumen.",
    "address": "Tangerang",
    "link": ""
  },
  {
    "name": "Kopi C🅰️🚀",
    "image": "https://aimee.alphabetincubator.id/wp-content/uploads/2022/10/IMG-20220921-WA0030-removebg-preview.png",
    "description": "Startupreneur favorit di bidang kopi yang sejalan dengan kegiatan Tri Dharma pengabdian masyarakat.",
    "address": "Tangerang",
    "link": ""
  },
  {
    "name": "Salted Egg Milea",
    "image": "https://aimee.alphabetincubator.id/wp-content/uploads/2022/10/WhatsApp_Image_2022-10-10_at_15.21.50-removebg-preview-e1665411778643.png",
    "description": "Startupreneur food and beverage yang memproduksi telur asin sebagai kuliner nusantara dengan kearifan lokal.",
    "address": "Tangerang",
    "link": ""
  },
  {
    "name": "Magic Board",
    "image": "https://aimee.alphabetincubator.id/wp-content/uploads/2022/06/cropped-magic-board.png",
    "description": "Startupreneur dengan inovasi papan tulis  menggunakan Plexiglass.",
    "address": "Tangerang",
    "link": ""
  },
  {
    "name": "Thazeen",
    "image": "https://aimee.alphabetincubator.id/wp-content/uploads/2022/06/cropped-thazeen.png",
    "description": "Startupreneur yang berdiri untuk membantu persediaan barang sebuah company.",
    "address": "Tangerang",
    "link": ""
  },
  {
    "name": "RIC",
    "image": "https://aimee.alphabetincubator.id/wp-content/uploads/2022/06/cropped-ric.png",
    "description": "Startupreneur UMKM Universitas Raharja yang dikembangkan oleh Pribadi Raharja.",
    "address": "Tangerang",
    "link": ""
  },
  {
    "name": "Signy",
    "image": "https://aimee.alphabetincubator.id/wp-content/uploads/2022/06/cropped-signy.png",
    "description": "Startupreneur dengan asing fokus pada technology yang menyediakan layanan transformasi digital bagi bisnis.",
    "address": "Tangerang",
    "link": ""
  },
  {
    "name": "AttendX",
    "image": "https://aimee.alphabetincubator.id/wp-content/uploads/2022/06/cropped-attendx.png",
    "description": "Startupreneur is focused on improving workflows and help companies build and scale AI-based solutions. Mendapatkan pendanaan luar negeri.",
    "address": "Tangerang",
    "link": ""
  },
  {
    "name": "Pandawan",
    "image": "https://aimee.alphabetincubator.id/wp-content/uploads/2022/06/pandawan.png",
    "description": "Startupreneur Publikasi serta Pelatihan karya ilmiah bagi pendidik dalam digital transformation dengan para researcher berkualitas.",
    "address": "Tangerang",
    "link": ""
  },
  {
    "name": "REY",
    "image": "https://aimee.alphabetincubator.id/wp-content/uploads/2022/06/cropped-rey.png",
    "description": "Startupreneur berbasis Green Technology yang menghasilkan produk inovasi kanopi tenaga surya.",
    "address": "Tangerang",
    "link": ""
  },
  {
    "name": "Kreatif Desain",
    "image": "https://aimee.alphabetincubator.id/wp-content/uploads/2022/10/kreatif-desain-removebg-preview-1.png",
    "description": "Startupreneur digital marketing sebagai media promosi digital untuk menjangkau konsumen.",
    "address": "Tangerang",
    "link": ""
  },
  {
    "name": "GS3",
    "image": "https://aimee.alphabetincubator.id/wp-content/uploads/2022/06/gs3.png",
    "description": "Startupreneur yang sukses mendorong program pemerintah Go Green melalui Genteng Sirap Sintetis Surya",
    "address": "Tangerang",
    "link": ""
  },

  {
    "name": "REP",
    "image": "https://aimee.alphabetincubator.id/wp-content/uploads/2022/06/rep-e1665412050517.png",
    "description": "Startupreneur platform program MBKM Universitas Raharja berbasis iLearning.",
    "address": "Tangerang",
    "link": ""
  }
]
